"track_name","track_artist","playlist_genre","cluster","predicted_genre","genre_match"
"Die With A Smile","Lady Gaga, Bruno Mars","pop","4","pop",TRUE
"BIRDS OF A FEATHER","Billie Eilish","pop","4","pop",TRUE
"That’s So True","Gracie Abrams","pop","4","pop",TRUE
"Taste","Sabrina Carpenter","pop","4","pop",TRUE
"Paralyzer","Finger Eleven","rock","4","pop",FALSE
"Good Luck, Babe!","Chappell Roan","pop","4","pop",TRUE
"Diet Pepsi","Addison Rae","pop","4","pop",TRUE
"In the Shadows","The Rasmus","rock","4","pop",FALSE
"Take Me Out","Franz Ferdinand","rock","4","pop",FALSE
"Timeless (with Playboi Carti)","The Weeknd, Playboi Carti","pop","4","pop",TRUE
"Guess featuring billie eilish","Charli xcx, Billie Eilish","pop","4","pop",TRUE
"Please Please Please","Sabrina Carpenter","pop","4","pop",TRUE
"2 hands","Tate McRae","pop","4","pop",TRUE
"A Bar Song (Tipsy)","Shaboozey","pop","4","pop",TRUE
"HOT TO GO!","Chappell Roan","pop","4","pop",TRUE
"Disease","Lady Gaga","pop","4","pop",TRUE
"Moonlit Floor (Kiss Me)","LISA","pop","4","pop",TRUE
"Love Somebody","Morgan Wallen","pop","4","pop",TRUE
"ON DÉGAINE","Guy2Bezbar","hip-hop","4","pop",FALSE
"Move","Adam Port, Stryv, Keinemusik, Orso, Malachiii","pop","4","pop",TRUE
"Master Of Puppets","Metallica","metal","4","pop",FALSE
"Espresso","Sabrina Carpenter","pop","4","pop",TRUE
"Mantra","JENNIE","pop","4","pop",TRUE
"Chop Suey!","System Of A Down","metal","4","pop",FALSE
"NEW DROP","Don Toliver","pop","4","pop",TRUE
"I Had Some Help (Feat. Morgan Wallen)","Post Malone, Morgan Wallen","pop","4","pop",TRUE
"Too Sweet","Hozier","pop","4","pop",TRUE
"Cowboys from Hell","Pantera","metal","4","pop",FALSE
"Tu Boda","Oscar Maydon, Fuerza Regida","pop","4","pop",TRUE
"Stargazing","Myles Smith","pop","4","pop",TRUE
"Hail to the King","Avenged Sevenfold","metal","4","pop",FALSE
"we can't be friends (wait for your love)","Ariana Grande","pop","4","pop",TRUE
"Beautiful Things","Benson Boone","pop","4","pop",TRUE
"Nightmare","Avenged Sevenfold","metal","4","pop",FALSE
"Touch","KATSEYE","pop","4","pop",TRUE
"Lose Control","Teddy Swims","pop","4","pop",TRUE
"Belong Together","Mark Ambor","pop","4","pop",TRUE
"Si Antes Te Hubiera Conocido","KAROL G","pop","4","pop",TRUE
"End of Beginning","Djo","pop","4","pop",TRUE
"Gives You Hell","The All-American Rejects","punk","4","pop",FALSE
"1985","Bowling For Soup","punk","4","pop",FALSE
"Not Like Us","Kendrick Lamar","pop","4","pop",TRUE
"Running Wild","Jin","pop","4","pop",TRUE
"+57","KAROL G, Feid, DFZM, Ovy On The Drums, J Balvin, Maluma, Ryan Castro, Blessd","pop","4","pop",TRUE
"Embrace It","Ndotz","pop","4","pop",TRUE
"The Emptiness Machine","Linkin Park","pop","4","pop",TRUE
"Who","Jimin","pop","4","pop",TRUE
"Hotel California - 2013 Remaster","Eagles","rock","4","pop",FALSE
"Thunderstruck","AC/DC","rock","4","pop",FALSE
"Seven Nation Army","The White Stripes","rock","4","pop",FALSE
"Creep","Radiohead","rock","4","pop",FALSE
"Come As You Are","Nirvana","rock","4","pop",FALSE
"Californication","Red Hot Chili Peppers","rock","4","pop",FALSE
"Sweet Child O' Mine","Guns N' Roses","rock","4","pop",FALSE
"Paint It, Black","The Rolling Stones","rock","4","pop",FALSE
"Dreams - 2004 Remaster","Fleetwood Mac","rock","4","pop",FALSE
"Everlong","Foo Fighters","rock","4","pop",FALSE
"I Love Rock 'N Roll","Joan Jett & the Blackhearts","rock","4","pop",FALSE
"Beverly Hills","Weezer","punk","4","pop",FALSE
"Another Brick in the Wall, Pt. 2","Pink Floyd","rock","4","pop",FALSE
"Runaway","Bon Jovi","rock","4","pop",FALSE
"Basket Case","Green Day","rock","4","pop",FALSE
"Under the Bridge","Red Hot Chili Peppers","rock","4","pop",FALSE
"White Wedding - Pt. 1","Billy Idol","rock","4","pop",FALSE
"You Shook Me All Night Long","AC/DC","rock","4","pop",FALSE
"(I Can't Get No) Satisfaction - Mono Version","The Rolling Stones","rock","4","pop",FALSE
"Starman - 2012 Remaster","David Bowie","rock","4","pop",FALSE
"Fat Lip","Sum 41","punk","4","pop",FALSE
"Riders on the Storm","The Doors","rock","4","pop",FALSE
"Even Flow","Pearl Jam","rock","4","pop",FALSE
"Born in the U.S.A.","Bruce Springsteen","rock","4","pop",FALSE
"Bitter Sweet Symphony - Remastered 2016","The Verve","rock","4","pop",FALSE
"Don't Cry (Original)","Guns N' Roses","rock","4","pop",FALSE
"All Along the Watchtower","Jimi Hendrix","rock","4","pop",FALSE
"Famous Last Words","My Chemical Romance","punk","4","pop",FALSE
"Psycho Killer - 2005 Remaster","Talking Heads","rock","4","pop",FALSE
"Are You Gonna Go My Way","Lenny Kravitz","rock","4","pop",FALSE
"Master of Puppets (Remastered)","Metallica","rock","4","pop",FALSE
"Everywhere - 2017 Remaster","Fleetwood Mac","rock","4","pop",FALSE
"Have You Ever Seen The Rain","Creedence Clearwater Revival","rock","4","pop",FALSE
"Just What I Needed","The Cars","rock","4","pop",FALSE
"Smells Like Teen Spirit","Nirvana","rock","4","pop",FALSE
"Holiday / Boulevard of Broken Dreams","Green Day","punk","4","pop",FALSE
"Come Together - Remastered 2009","The Beatles","rock","4","pop",FALSE
"Carry on Wayward Son","Kansas","rock","4","pop",FALSE
"Song 2 - 2012 Remaster","Blur","rock","4","pop",FALSE
"Where Is My Mind? - 2007 Remaster","Pixies","rock","4","pop",FALSE
"Should I Stay or Should I Go - Remastered","The Clash","rock","4","pop",FALSE
"Another One Bites The Dust - Remastered 2011","Queen","rock","4","pop",FALSE
"Uprising","Muse","rock","4","pop",FALSE
"For What It's Worth","Buffalo Springfield","rock","4","pop",FALSE
"You Really Got Me - 2015 Remaster","Van Halen","rock","4","pop",FALSE
"Black Hole Sun","Soundgarden","rock","4","pop",FALSE
"Todo me sabe a poco","Alizzz","latin","4","pop",FALSE
"Fly Away","Lenny Kravitz","rock","4","pop",FALSE
"Message In A Bottle","The Police","rock","4","pop",FALSE
"Heroes - 2017 Remaster","David Bowie","rock","4","pop",FALSE
"Immigrant Song - Remaster","Led Zeppelin","rock","4","pop",FALSE
"I'm Alive","Céline Dion","blues","4","pop",FALSE
"Back In Black","AC/DC","rock","4","pop",FALSE
"Barracuda","Heart","rock","4","pop",FALSE
"Rocket Man (I Think It's Going To Be A Long, Long Time)","Elton John","rock","4","pop",FALSE
"Heart-Shaped Box","Nirvana","rock","4","pop",FALSE
"Life in the Fast Lane - 2013 Remaster","Eagles","rock","4","pop",FALSE
"Africa","TOTO","rock","4","pop",FALSE
"(Don't Fear) The Reaper","Blue Öyster Cult","rock","4","pop",FALSE
"1979 - Remastered 2012","The Smashing Pumpkins","rock","4","pop",FALSE
"Sexual Healing","Marvin Gaye","blues","4","pop",FALSE
"Black Dog - Remaster","Led Zeppelin","rock","4","pop",FALSE
"No One Knows","Queens of the Stone Age","rock","4","pop",FALSE
"Long Train Runnin'","The Doobie Brothers","rock","4","pop",FALSE
"Loser","Beck","rock","4","pop",FALSE
"American Pie","Don McLean","rock","4","pop",FALSE
"Confessions Part II","USHER","blues","4","pop",FALSE
"My Sharona","The Knack","rock","4","pop",FALSE
"Down","Jay Sean, Lil Wayne","blues","4","pop",FALSE
"The Boys Are Back In Town","Thin Lizzy","rock","4","pop",FALSE
"Highway to Hell","AC/DC","rock","4","pop",FALSE
"Arizona","Lojay, Olamide","arabic","4","pop",FALSE
"Alive","Pearl Jam","rock","4","pop",FALSE
"The Best","Tina Turner","rock","4","pop",FALSE
"Give It Away","Red Hot Chili Peppers","rock","4","pop",FALSE
"Good Riddance (Time of Your Life)","Green Day","rock","4","pop",FALSE
"The Boys Of Summer","Don Henley","rock","4","pop",FALSE
"Break on Through (To the Other Side)","The Doors","rock","4","pop",FALSE
"Sabotage","Beastie Boys","rock","4","pop",FALSE
"Pour Some Sugar On Me - Remastered 2017","Def Leppard","rock","4","pop",FALSE
"Learn to Fly","Foo Fighters","rock","4","pop",FALSE
"Hit Me With Your Best Shot","Pat Benatar","rock","4","pop",FALSE
"Bullet With Butterfly Wings - Remastered 2012","The Smashing Pumpkins","rock","4","pop",FALSE
"Interstate Love Song - 2019 Remaster","Stone Temple Pilots","rock","4","pop",FALSE
"London Calling - Remastered","The Clash","rock","4","pop",FALSE
"Free Bird","Lynyrd Skynyrd","rock","4","pop",FALSE
"Free Fallin'","Tom Petty","rock","4","pop",FALSE
"No Rain","Blind Melon","rock","4","pop",FALSE
"Panama - 2015 Remaster","Van Halen","rock","4","pop",FALSE
"Would? (2022 Remaster)","Alice In Chains","rock","4","pop",FALSE
"Born to Run","Bruce Springsteen","rock","4","pop",FALSE
"My Home","Myles Smith","folk","4","pop",FALSE
"Tu hai kahan","AUR","hip-hop","4","pop",FALSE
"Bandana","Shubh","hip-hop","4","pop",FALSE
"DND","Bella Shmurda","arabic","4","pop",FALSE
"Anything for Love","Blackmagic","ambient","4","pop",FALSE
"HIM ALL ALONG","Gunna","hip-hop","4","pop",FALSE
"Wet on Me","Shallipopi, Zerrydl","arabic","4","pop",FALSE
"PLUTOSKI","Future","hip-hop","4","pop",FALSE
"Timeless (with Playboi Carti)","The Weeknd, Playboi Carti","hip-hop","4","pop",FALSE
"Forever (feat. Malou & Yuna)","HUGEL, Diplo, Malou, Yuna","electronic","4","pop",FALSE
"Insecurities","Lil Baby","hip-hop","4","pop",FALSE
"La Pio Pio","Mohbad","arabic","4","pop",FALSE
"NEW DROP","Don Toliver","hip-hop","4","pop",FALSE
"Turn out fine","Henrik","folk","4","pop",FALSE
"No Face","Drake","hip-hop","4","pop",FALSE
"LIL DEMON","Future","hip-hop","4","pop",FALSE
"Homesick","Noah Kahan","folk","4","pop",FALSE
"Feel It - From The Original Series “Invincible”","d4vd","gaming","4","pop",FALSE
"ALL RED","Playboi Carti","hip-hop","4","pop",FALSE
"I CAN’T LET GO","Lil Tecca, Don Toliver","hip-hop","4","pop",FALSE
"M.A.D (feat. MohBad)","Zoro Swagbag, Mohbad","arabic","4","pop",FALSE
"2AM","BigXthaPlug","hip-hop","4","pop",FALSE
"It's Up (feat. Young Thug & 21 Savage)","Drake, Young Thug, 21 Savage","hip-hop","4","pop",FALSE
"Heart of Gold","Neil Young","folk","4","pop",FALSE
"Brokey","Latto","hip-hop","4","pop",FALSE
"A Horse with No Name","America, George Martin","folk","4","pop",FALSE
"Or What","NLE Choppa, 41, Kyle Richh","hip-hop","4","pop",FALSE
"Type Shit","Future, Metro Boomin, Travis Scott, Playboi Carti","hip-hop","4","pop",FALSE
"Not Like Us","Kendrick Lamar","hip-hop","4","pop",FALSE
"Brown Munde","AP Dhillon, Gminxr, Gurinder Gill, Shinda Kahlon","indian","4","pop",FALSE
"FIELD TRIP","¥$, Playboi Carti, Don Toliver, Kodak Black","hip-hop","4","pop",FALSE
"TEFLON DON","Future","hip-hop","4","pop",FALSE
"Circadian Rhythm","Drake","hip-hop","4","pop",FALSE
"Ask About Me","Mohbad","arabic","4","pop",FALSE
"Light Year (Practice)","Lil Uzi Vert","hip-hop","4","pop",FALSE
"For Life (feat. Nile Rodgers)","Kygo, Zak Abel, Nile Rodgers","electronic","4","pop",FALSE
"This Girl (Kungs Vs. Cookin' On 3 Burners)","Kungs, Cookin' On 3 Burners","electronic","4","pop",FALSE
"PRAY","Bnxn","arabic","4","pop",FALSE
"Whatever","Kygo, Ava Max","electronic","4","pop",FALSE
"Tailor Swif","A$AP Rocky","hip-hop","4","pop",FALSE
"GEEK TIMË","Yeat","hip-hop","4","pop",FALSE
"I Adore You (feat. Daecolm)","HUGEL, Topic, Arash, Daecolm","electronic","4","pop",FALSE
"Not Like Us","Kendrick Lamar","hip-hop","4","pop",FALSE
"Summer","Calvin Harris","electronic","4","pop",FALSE
"Type Shit","Future, Metro Boomin, Travis Scott, Playboi Carti","hip-hop","4","pop",FALSE
"Right Energy","Bnxn","arabic","4","pop",FALSE
"It's Not Right But It's Okay","Mr. Belt & Wezol","electronic","4","pop",FALSE
"SAY MY GRACE (feat. Travis Scott)","Offset, Travis Scott","hip-hop","4","pop",FALSE
"Belly Dancer","Imanbek, BYOR","electronic","4","pop",FALSE
"Whatever","Kygo, Ava Max","electronic","4","pop",FALSE
"Deep Down (feat. Never Dull)","Alok, Ella Eyre, Kenny Dope, Never Dull","electronic","4","pop",FALSE
"Ferrari","James Hype, Miggy Dela Rosa","electronic","4","pop",FALSE
"Thunder","Gabry Ponte, LUM!X, Prezioso","electronic","4","pop",FALSE
"(It Goes Like) Nanana - Edit","Peggy Gou","electronic","4","pop",FALSE
"Love Sosa","Chief Keef","hip-hop","4","pop",FALSE
"Supernova Love","IVE, David Guetta","electronic","4","pop",FALSE
"Forever Young","David Guetta, Alphaville, Ava Max","electronic","4","pop",FALSE
"Mwaki","Zerb, Sofiya Nzau","electronic","4","pop",FALSE
"The Woo (feat. 50 Cent & Roddy Ricch)","Pop Smoke, 50 Cent, Roddy Ricch","hip-hop","4","pop",FALSE
"Gatluak - Bakermat Remix","Kronan, Nyaruach, Bakermat","electronic","4","pop",FALSE
"21 Reasons (feat. Ella Henderson)","Nathan Dawe, Ella Henderson","electronic","4","pop",FALSE
"K.O.","LAVINIA, Ely Oaks","electronic","4","pop",FALSE
"Move Your Body","Öwnboss, Sevek","electronic","4","pop",FALSE
"Odinaka","Zinoleesky","arabic","4","pop",FALSE
"Where Did You Go? (feat. MNEK)","Jax Jones, MNEK","electronic","4","pop",FALSE
"Good Love","Hannah Laing, RoRo","electronic","4","pop",FALSE
"Never Walk Alone","BLOND:ISH, Stevie Appleton","electronic","4","pop",FALSE
"Jimmy Cooks (feat. 21 Savage)","Drake, 21 Savage","hip-hop","4","pop",FALSE
"Hold On Me","Kygo, Sandro Cavazza","electronic","4","pop",FALSE
"Makeba - Ian Asher Remix","Jain, Ian Asher","electronic","4","pop",FALSE
"Tantalizing","Tiësto, Soaky Siren","electronic","4","pop",FALSE
"World Gone Wild (feat. Sam Martin)","Robin Schulz, CYRIL, Sam Martin","electronic","4","pop",FALSE
"Glock In My Lap","21 Savage, Metro Boomin","hip-hop","4","pop",FALSE
"Born To Love Ya","Gabry Ponte, Sean Paul, NATTI NATASHA","electronic","4","pop",FALSE
"Run It Up (feat. Offset & Moneybagg Yo)","Lil Tjay, Offset, Moneybagg Yo","hip-hop","4","pop",FALSE
"Like Dat","Lil Frosh, Zinoleesky","arabic","4","pop",FALSE
"Sticky","Drake","hip-hop","4","pop",FALSE
"Happier (feat. Clementine Douglas)","The Blessed Madonna, Clementine Douglas","electronic","4","pop",FALSE
"Honey Boy (feat. Nile Rodgers & Shenseea)","Purple Disco Machine, Benjamin Ingrosso, Nile Rodgers, Shenseea","electronic","4","pop",FALSE
"N95","Kendrick Lamar","hip-hop","4","pop",FALSE
"Rich Nigga Shit (feat. Young Thug)","21 Savage, Metro Boomin, Young Thug","hip-hop","4","pop",FALSE
"Alone","Marshmello","electronic","4","pop",FALSE
"Realize (feat. taves)","Bnxn, taves","arabic","4","pop",FALSE
"Imagina esse Cenário","Matuê, Veigh","hip-hop","4","pop",FALSE
"17 Años","Los Ángeles Azules","latin","4","pop",FALSE
"Piensa En Mí","Grupo Mojado","latin","4","pop",FALSE
"+57","KAROL G, Feid, DFZM, Ovy On The Drums, J Balvin, Maluma, Ryan Castro, Blessd","latin","4","pop",FALSE
"Diablita (feat. Anuel AA & Baby Rasta)","Trap Capos, Noriel, Anuel AA, Baby Rasta","hip-hop","4","pop",FALSE
"Love Sosa","Chief Keef","hip-hop","4","pop",FALSE
"SE TE NOTA (feat. Peso Pluma)","Myke Towers, Peso Pluma","latin","4","pop",FALSE
"ADIVINO","Myke Towers, Bad Bunny","latin","4","pop",FALSE
"That Go! (feat. T-Shyne)","Young Stoner Life, Young Thug, Meek Mill, T-Shyne","hip-hop","4","pop",FALSE
"Ballin","Pheelz","ambient","4","pop",FALSE
"HIBIKI","Bad Bunny, Mora","latin","4","pop",FALSE
"Castlevania","Matuê","hip-hop","4","pop",FALSE
"Murder She Wrote","Chaka Demus & Pliers","reggae","4","pop",FALSE
"Brindis","Duki, Headie One","hip-hop","4","pop",FALSE
"Basquiat","Asake","arabic","4","pop",FALSE
"Amigos y Enemigos (feat. Bad Bunny & Almighty) - Remix","Trap Capos, Noriel, Bad Bunny, Almighty","hip-hop","4","pop",FALSE
"Tu Me Enamoraste - Remix","Lary Over, Anuel, Bryant Myers, Almighty, Brytiago","hip-hop","4","pop",FALSE
"Nena Maldición (feat. Lenny Tavárez)","Paulo Londra, Lenny Tavárez","hip-hop","4","pop",FALSE
"Me Porto Bonito","Bad Bunny, Chencho Corleone","latin","4","pop",FALSE
"1993","Matuê","hip-hop","4","pop",FALSE
"Going Bad (feat. Drake)","Meek Mill, Drake","hip-hop","4","pop",FALSE
"Twe Twe","Kizz Daniel","arabic","4","pop",FALSE
"De las 2 (feat. Bad Bunny & Arcángel)","Trap Capos, Noriel, Bad Bunny, Arcángel","hip-hop","4","pop",FALSE
"Un Ratito Mas","Bryant Myers, Bad Bunny","hip-hop","4","pop",FALSE
"CANZONE D'ODIO (feat. Lil Baby)","Lazza, Lil Baby","hip-hop","4","pop",FALSE
"Deus Perdoa","Filipe Ret, Dallass, Hunter","hip-hop","4","pop",FALSE
"Solo","Future","hip-hop","4","pop",FALSE
"Volando - Remix","Mora, Bad Bunny, Sech","latin","4","pop",FALSE
"Cómo Le Digo","KHEA, Omar Varela, Asan","hip-hop","4","pop",FALSE
"TE MUDASTE","Bad Bunny","latin","4","pop",FALSE
"Loju (feat. Wizkid)","SPINALL, Wizkid","arabic","4","pop",FALSE
"What's Left of the Flag","Flogging Molly","punk","4","pop",FALSE
"DÁKITI","Bad Bunny, JHAYCO","latin","4","pop",FALSE
"Too Many Nights (feat. Don Toliver & with Future)","Metro Boomin, Future, Don Toliver","hip-hop","4","pop",FALSE
"Everybody Wants To Rule The World","Tears For Fears","rock","4","pop",FALSE
"La Difícil","Bad Bunny","latin","4","pop",FALSE
"Kese (Dance)","Wizkid","afrobeats","4","pop",FALSE
"Awuke","Davido, YG Marley","afrobeats","4","pop",FALSE
"La Zona","Bad Bunny","latin","4","pop",FALSE
"Piece of My Heart (feat. Brent Faiyaz)","Wizkid, Brent Faiyaz","afrobeats","4","pop",FALSE
"PUSH 2 START","Tyla","afrobeats","4","pop",FALSE
"Skin","Dijon","pop","4","pop",TRUE
"MMS","Asake, Wizkid","afrobeats","4","pop",FALSE
"Tu Boda","Oscar Maydon, Fuerza Regida","latin","4","pop",FALSE
"Después De La 1","Cris Mj, FloyyMenor, LOUKI","latin","4","pop",FALSE
"Con Altura","ROSALÍA, J Balvin, El Guincho","latin","4","pop",FALSE
"Imagínate","Danny Ocean, Kapo","latin","4","pop",FALSE
"Con Calma","Daddy Yankee, Snow","latin","4","pop",FALSE
"Mayores","Becky G, Bad Bunny","latin","4","pop",FALSE
"Si Antes Te Hubiera Conocido","KAROL G","latin","4","pop",FALSE
"DEPORTIVO","Blessd, Anuel AA","latin","4","pop",FALSE
"SEXO ES LA MODA","Maria Becerra, Yandel","latin","4","pop",FALSE
"+57","KAROL G, Feid, DFZM, Ovy On The Drums, J Balvin, Maluma, Ryan Castro, Blessd","latin","4","pop",FALSE
"Sensualidad","Bad Bunny, Prince Royce, J Balvin, Mambo Kingz, DJ Luian","latin","4","pop",FALSE
"Sigue Bailandome","Yannc, Darkiel, Eladio Carrion, Brray, Myke Towers","latin","4","pop",FALSE
"Nueva Era","Duki, Myke Towers","latin","4","pop",FALSE
"PELIGROSA","FloyyMenor","latin","4","pop",FALSE
"Morena Canela","Chino Pacas","latin","4","pop",FALSE
"Bandido","Myke Towers, Juhn","latin","4","pop",FALSE
"DURO","Quevedo","latin","4","pop",FALSE
"PIÉNSALO","Junior H","latin","4","pop",FALSE
"EN MI MUNDO","Jasiel Nuñez, Peso Pluma","latin","4","pop",FALSE
"Soltera","Shakira","latin","4","pop",FALSE
"Bichiyal","Bad Bunny, Yaviah","latin","4","pop",FALSE
"SE ME OLVIDA","Maisak, Feid","latin","4","pop",FALSE
"Hecha Pa' Mí","Grupo Frontera","latin","4","pop",FALSE
"SE TE NOTA (feat. Peso Pluma)","Myke Towers, Peso Pluma","latin","4","pop",FALSE
"EL LOKERON","Tito Double P","latin","4","pop",FALSE
"Ese Vato No Te Queda","Carin Leon, Gabito Ballesteros","latin","4","pop",FALSE
"Cholo 7","Fuerza Regida, Luis R Conriquez","latin","4","pop",FALSE
"Agosto","Bad Bunny","latin","4","pop",FALSE
"UWAIE","Kapo","latin","4","pop",FALSE
"IA","Clarent, Mora","latin","4","pop",FALSE
"Siento que merezco más","LATIN MAFIA","latin","4","pop",FALSE
"AY MAMÁ","Tito Double P, Grupo Frontera","latin","4","pop",FALSE
"Sexo Virtual","Rauw Alejandro","latin","4","pop",FALSE
"No Son Doritos","Clave Especial, Luis R Conriquez","latin","4","pop",FALSE
"Frente al Mar","Beéle","latin","4","pop",FALSE
"Jerkin'","Amyl and The Sniffers","rock","4","pop",FALSE
"DOS DÍAS","Tito Double P, Peso Pluma","latin","4","pop",FALSE
"NO PIERDO LA VIDA","Calle 24, Chuyin","latin","4","pop",FALSE
"Como Pacman","Alemán, Gera MX","latin","4","pop",FALSE
"Rey Sin Reina","Julión Álvarez y su Norteño Banda","latin","4","pop",FALSE
"JACKPOT","Belinda, Kenia OS","latin","4","pop",FALSE
"noviogangsta <3","Emilia","latin","4","pop",FALSE
"BELLAKEO","Peso Pluma, Anitta","latin","4","pop",FALSE
"You Got Me Searching","Jack White","rock","4","pop",FALSE
"Raataan Lambiyan (From ""Shershaah"")","Tanishk Bagchi, Jubin Nautiyal, Asees Kaur","indian","4","pop",FALSE
"Ranjha (From ""Shershaah"")","Jasleen Royal, B Praak, Romy, Anvita Dutt","indian","4","pop",FALSE
"Guay","Ozuna, Bad Gyal","latin","4","pop",FALSE
"Agar Tum Saath Ho","Alka Yagnik, Arijit Singh","indian","4","pop",FALSE
"BBY BOO - REMIX","iZaak, JHAYCO, Anuel AA","latin","4","pop",FALSE
"505","Arctic Monkeys","rock","4","pop",FALSE
"Heads Will Roll","Yeah Yeah Yeahs","rock","4","pop",FALSE
"Instant Crush (feat. Julian Casablancas)","Daft Punk, Julian Casablancas","rock","4","pop",FALSE
"Are You Gonna Be My Girl","Jet","rock","4","pop",FALSE
"Time to Pretend","MGMT","rock","4","pop",FALSE
"Feel It Still","Portugal. The Man","rock","4","pop",FALSE
"The Reason","Hoobastank","punk","4","pop",FALSE
"Too Sweet","Hozier","rock","4","pop",FALSE
"Wasted Summers","juju<3","rock","4","pop",FALSE
"Feel It - From The Original Series “Invincible”","d4vd","rock","4","pop",FALSE
"The Adults Are Talking","The Strokes","rock","4","pop",FALSE
"3 Nights","Dominic Fike","rock","4","pop",FALSE
"This Charming Man - 2011 Remaster","The Smiths","rock","4","pop",FALSE
"Oysters In My Pocket","Royel Otis","rock","4","pop",FALSE
"Fluorescent Adolescent","Arctic Monkeys","rock","4","pop",FALSE
"You Get What You Give","New Radicals","rock","4","pop",FALSE
"THE SHADE","Rex Orange County","rock","4","pop",FALSE
"Time to Pretend","MGMT","rock","4","pop",FALSE
"Vampire Empire","Big Thief","rock","4","pop",FALSE
"Her","The American Dawn","rock","4","pop",FALSE
"Not Strong Enough","boygenius, Julien Baker, Phoebe Bridgers, Lucy Dacus","rock","4","pop",FALSE
"Louca Encubada","Dj Samir, Rodricci, Launch13","brazilian","4","pop",FALSE
"Misemotional","sixten","pop","4","pop",TRUE
"Someday","The Strokes","rock","4","pop",FALSE
"Metamodernity","Vansire","rock","4","pop",FALSE
"Breezeblocks","alt-J","rock","4","pop",FALSE
"ROCKMAN","Mk.gee","rock","4","pop",FALSE
"The Gambler","Kenny Rogers","country","4","pop",FALSE
"Amarillo By Morning","George Strait","country","4","pop",FALSE
"Küle Dönmüşsün","Semicenk, Doğu Swag","turkish","4","pop",FALSE
"Önümüz Yaz","Simge","turkish","4","pop",FALSE
"Pink + White","Frank Ocean","r&b","4","pop",FALSE
"Lan","Zeynep Bastık","turkish","4","pop",FALSE
"My Boo","USHER, Alicia Keys","r&b","4","pop",FALSE
"Sure Thing","Miguel","r&b","4","pop",FALSE
"Snooze","SZA","r&b","4","pop",FALSE
"Me ei kuuluta toisillemme","Evelina, ANI","pop","4","pop",TRUE
"Darling, I (feat. Teezo Touchdown)","Tyler, The Creator, Teezo Touchdown","hip-hop","4","pop",FALSE
"Family Affair","Mary J. Blige","r&b","4","pop",FALSE
"With You","Chris Brown","r&b","4","pop",FALSE
"Broken Clocks","SZA","r&b","4","pop",FALSE
"Någonstans i Stockholm","Alex Järvi","pop","4","pop",TRUE
"Best Time","Brent Faiyaz","r&b","4","pop",FALSE
"Kyssa dig nu","estraden","pop","4","pop",TRUE
"Foolish","Ashanti","r&b","4","pop",FALSE
"Fallin'","Alicia Keys","r&b","4","pop",FALSE
"Allt som inte blir som jag vill att de ska vara","Felicia Takman","pop","4","pop",TRUE
"I Smoked Away My Brain (I'm God x Demons Mashup) (feat. Imogen Heap & Clams Casino)","A$AP Rocky, Imogen Heap, Clams Casino","hip-hop","4","pop",FALSE
"Falling Down - Bonus Track","Lil Peep, XXXTENTACION","hip-hop","4","pop",FALSE
"The Boy Is Mine","Brandy, Monica","r&b","4","pop",FALSE
"Ain't Leaving Now","Vargas & Lagola","pop","4","pop",TRUE
"Kill Bill","SZA","r&b","4","pop",FALSE
"Forever Yours","Brent Faiyaz","r&b","4","pop",FALSE
"No One","Alicia Keys","r&b","4","pop",FALSE
"Hey Daddy (Daddy's Home)","USHER","r&b","4","pop",FALSE
"Sativa","Jhené Aiko, Swae Lee","r&b","4","pop",FALSE
"Redbone","Childish Gambino","hip-hop","4","pop",FALSE
"Passionfruit","Drake","hip-hop","4","pop",FALSE
"Heart Of A Woman","Summer Walker","r&b","4","pop",FALSE
"U Remind Me","USHER","r&b","4","pop",FALSE
"Pretty Little Lie","Blackberry Smoke","rock","4","pop",FALSE
"Love Galore (feat. Travis Scott)","SZA, Travis Scott","r&b","4","pop",FALSE
"Georgia","Vance Joy","folk","4","pop",FALSE
"Embarrassed (feat. Travis Scott)","Don Toliver, Travis Scott","hip-hop","4","pop",FALSE
"Burn","USHER","r&b","4","pop",FALSE
"Miss Independent","Ne-Yo","r&b","4","pop",FALSE
"Let Me Love You","Mario","r&b","4","pop",FALSE
"Fuck Love","XXXTENTACION, Trippie Redd","hip-hop","4","pop",FALSE
"Nights Like This (feat. Ty Dolla $ign)","Kehlani, Ty Dolla $ign","r&b","4","pop",FALSE
"U Got It Bad","USHER","r&b","4","pop",FALSE
"Good Morning","Kanye West","hip-hop","4","pop",FALSE
"Because Of You","Ne-Yo","r&b","4","pop",FALSE
"Trust","Brent Faiyaz","r&b","4","pop",FALSE
"Dilemma","Nelly, Kelly Rowland","r&b","4","pop",FALSE
"Love in This Club (feat. Young Jeezy)","USHER, Jeezy","r&b","4","pop",FALSE
"Adorn","Miguel","r&b","4","pop",FALSE
"Dealer","Ayo Maff, Fireboy DML","ambient","4","pop",FALSE
"Holy Ghost","Omah Lay","ambient","4","pop",FALSE
"Language","Paperboy Fabe, Brent Faiyaz","r&b","4","pop",FALSE
"Confessions Part II","USHER","r&b","4","pop",FALSE
"Something Just Like This","The Chainsmokers, Coldplay","electronic","4","pop",FALSE
"Give Me Everything (feat. Nayer)","Pitbull, AFROJACK, Ne-Yo, Nayer","electronic","4","pop",FALSE
"Let Me Love You","DJ Snake, Justin Bieber","electronic","4","pop",FALSE
"Outside (feat. Ellie Goulding)","Calvin Harris, Ellie Goulding","electronic","4","pop",FALSE
"The Nights","Avicii","electronic","4","pop",FALSE
"Ride It","Regard","electronic","4","pop",FALSE
"Cheerleader (Felix Jaehn Remix) - Radio Edit","OMI, Felix Jaehn","electronic","4","pop",FALSE
"Closer","The Chainsmokers, Halsey","electronic","4","pop",FALSE
"Faded","Alan Walker","electronic","4","pop",FALSE
"Summer","Calvin Harris","electronic","4","pop",FALSE
"In My Mind","Dynoro, Gigi D'Agostino","electronic","4","pop",FALSE
"Timber","Pitbull, Kesha","electronic","4","pop",FALSE
"Titanium (feat. Sia)","David Guetta, Sia","electronic","4","pop",FALSE
"I Took A Pill In Ibiza - Seeb Remix","Mike Posner, Seeb","electronic","4","pop",FALSE
"Sugar (feat. Francesco Yates)","Robin Schulz, Francesco Yates","electronic","4","pop",FALSE
"Waiting For Love","Avicii","electronic","4","pop",FALSE
"On The Floor","Jennifer Lopez, Pitbull","electronic","4","pop",FALSE
"Don't Let Me Down","The Chainsmokers, Daya","electronic","4","pop",FALSE
"Blame (feat. John Newman)","Calvin Harris, John Newman","electronic","4","pop",FALSE
"Wild Ones (feat. Sia)","Flo Rida, Sia","electronic","4","pop",FALSE
"Get Lucky (Radio Edit) [feat. Pharrell Williams and Nile Rodgers]","Daft Punk, Pharrell Williams, Nile Rodgers","electronic","4","pop",FALSE
"More Than You Know","Axwell /\ Ingrosso","electronic","4","pop",FALSE
"In the Name of Love","Martin Garrix, Bebe Rexha","electronic","4","pop",FALSE
"This Girl (Kungs Vs. Cookin' On 3 Burners)","Kungs, Cookin' On 3 Burners","electronic","4","pop",FALSE
"Scream & Shout","will.i.am, Britney Spears","electronic","4","pop",FALSE
"This Is What You Came For","Calvin Harris, Rihanna","electronic","4","pop",FALSE
"Alors on danse - Radio Edit","Stromae","electronic","4","pop",FALSE
"We Found Love","Rihanna, Calvin Harris","electronic","4","pop",FALSE
"Waves - Robin Schulz Radio Edit","Mr. Probz, Robin Schulz","electronic","4","pop",FALSE
"Club Can't Handle Me (feat. David Guetta)","Flo Rida, David Guetta","electronic","4","pop",FALSE
"Under Control (feat. Hurts)","Calvin Harris, Alesso, Hurts","electronic","4","pop",FALSE
"Dancin (feat. Luvli) - Krono Remix","Aaron Smith, Krono, Luvli","electronic","4","pop",FALSE
"One More Time","Daft Punk","electronic","4","pop",FALSE
"Firestone","Kygo, Conrad Sewell","electronic","4","pop",FALSE
"Perfect Strangers","Jonas Blue, JP Cooper","electronic","4","pop",FALSE
"Love Tonight (David Guetta Remix Edit)","Shouse, David Guetta","electronic","4","pop",FALSE
"Runaway (U & I)","Galantis","electronic","4","pop",FALSE
"Middle","DJ Snake, Bipolar Sunshine","electronic","4","pop",FALSE
"Infinity 2008 - Klaas Vocal Edit","Guru Josh Project, Klaas","electronic","4","pop",FALSE
"King","Olly Alexander (Years & Years)","electronic","4","pop",FALSE
"Clarity","Zedd, Foxes","electronic","4","pop",FALSE
"Hey Mama (feat. Nicki Minaj, Bebe Rexha & Afrojack)","David Guetta, AFROJACK, Bebe Rexha, Nicki Minaj","electronic","4","pop",FALSE
"Ain't Nobody (Loves Me Better) (feat. Jasmine Thompson)","Felix Jaehn, Jasmine Thompson","electronic","4","pop",FALSE
"Hear Me Now","Alok, Zeeba, Bruno Martini","electronic","4","pop",FALSE
"ily (i love you baby) (feat. Emilee)","Surf Mesa, Emilee","electronic","4","pop",FALSE
"Summertime Sadness (Lana Del Rey Vs. Cedric Gervais) - Cedric Gervais Remix","Lana Del Rey, Cedric Gervais","electronic","4","pop",FALSE
"Dynamite","Taio Cruz","electronic","4","pop",FALSE
"Rather Be (feat. Jess Glynne)","Clean Bandit, Jess Glynne","electronic","4","pop",FALSE
"Blue Flag / Fun Things","Jesper Jenset","pop","4","pop",TRUE
"Shadows","Alphabeat","pop","4","pop",TRUE
"Stay","Zedd, Alessia Cara","electronic","4","pop",FALSE
"Party Rock Anthem","LMFAO, Lauren Bennett, GoonRock","electronic","4","pop",FALSE
"Roses","The Chainsmokers, ROZES","electronic","4","pop",FALSE
"I Love It (feat. Charli XCX)","Icona Pop, Charli xcx","electronic","4","pop",FALSE
"Play Hard (feat. Ne-Yo & Akon)","David Guetta, Ne-Yo, Akon","electronic","4","pop",FALSE
"Around the World","Daft Punk","electronic","4","pop",FALSE
"This Is What It Feels Like","Armin van Buuren, Trevor Guthrie","electronic","4","pop",FALSE
"Wish (feat. Trippie Redd) - Trippie Mix","Diplo, Trippie Redd","hip-hop","4","pop",FALSE
"Heroes (we could be)","Alesso, Tove Lo","electronic","4","pop",FALSE
"You & Me - Flume Remix","Disclosure, Eliza Doolittle, Flume","electronic","4","pop",FALSE
"Lose Control","Teddy Swims","soul","4","pop",FALSE
"Shape of You","Ed Sheeran","pop","4","pop",TRUE
"Die With A Smile","Lady Gaga, Bruno Mars","gaming","4","pop",FALSE
"BIRDS OF A FEATHER","Billie Eilish","gaming","4","pop",FALSE
"Good Luck, Babe!","Chappell Roan","gaming","4","pop",FALSE
"Espresso","Sabrina Carpenter","gaming","4","pop",FALSE
"Lose Control","Teddy Swims","gaming","4","pop",FALSE
"FE!N (feat. Playboi Carti)","Travis Scott, Playboi Carti","gaming","4","pop",FALSE
"Stargazing","Myles Smith","gaming","4","pop",FALSE
"HOT TO GO!","Chappell Roan","gaming","4","pop",FALSE
"Not Like Us","Kendrick Lamar","gaming","4","pop",FALSE
"Slow It Down","Benson Boone","gaming","4","pop",FALSE
"A Bar Song (Tipsy)","Shaboozey","gaming","4","pop",FALSE
"Move","Adam Port, Stryv, Keinemusik, Orso, Malachiii","gaming","4","pop",FALSE
"Big Dawgs","Hanumankind, Kalmi","gaming","4","pop",FALSE
"Please Please Please","Sabrina Carpenter","gaming","4","pop",FALSE
"I'm Good (Blue)","David Guetta, Bebe Rexha","gaming","4","pop",FALSE
"Come & Go (with Marshmello)","Juice WRLD, Marshmello","hip-hop","4","pop",FALSE
"500lbs","Lil Tecca","hip-hop","4","pop",FALSE
"Beautiful Things","Benson Boone","gaming","4","pop",FALSE
"Guess featuring billie eilish","Charli xcx, Billie Eilish","gaming","4","pop",FALSE
"i like the way you kiss me","Artemas","gaming","4","pop",FALSE
"I Had Some Help (Feat. Morgan Wallen)","Post Malone, Morgan Wallen","gaming","4","pop",FALSE
"Stay With Me","CHANYEOL, Punch","korean","4","pop",FALSE
"KEEP UP","Odetari","gaming","4","pop",FALSE
"Type Shit","Future, Metro Boomin, Travis Scott, Playboi Carti","gaming","4","pop",FALSE
"Space Fair","Hanna Haïs, KingDonna","electronic","4","pop",FALSE
"I Adore You (feat. Daecolm)","HUGEL, Topic, Arash, Daecolm","gaming","4","pop",FALSE
"Don't Give Up","Afro Swanky","electronic","4","pop",FALSE
"I Can Do It With a Broken Heart","Taylor Swift","gaming","4","pop",FALSE
"Apple","Charli xcx","gaming","4","pop",FALSE
"FIND A WAY","NAAK, Atmos Blaq","electronic","4","pop",FALSE
"Happier","Marshmello, Bastille","gaming","4","pop",FALSE
"Goddard Song","Lil Uzi Vert","hip-hop","4","pop",FALSE
"Sunflower - Spider-Man: Into the Spider-Verse","Post Malone, Swae Lee","gaming","4","pop",FALSE
"fukumean","Gunna","gaming","4","pop",FALSE
"Belong Together","Mark Ambor","gaming","4","pop",FALSE
"redrum","21 Savage","gaming","4","pop",FALSE
"STAY (with Justin Bieber)","The Kid LAROI, Justin Bieber","pop","4","pop",TRUE
"Miles On It","Marshmello, Kane Brown","gaming","4","pop",FALSE
"Moonlight","XXXTENTACION","gaming","4","pop",FALSE
"Everytime","CHEN, Punch","korean","4","pop",FALSE
"Addicted","Zerb, The Chainsmokers, Ink","gaming","4","pop",FALSE
"on one tonight","Gunna","gaming","4","pop",FALSE
"Thank You (Not So Bad)","Dimitri Vegas & Like Mike, Tiësto, Dido, W&W, Dimitri Vegas, Like Mike","gaming","4","pop",FALSE
"360","Charli xcx","gaming","4","pop",FALSE
"Houdini","Eminem","gaming","4","pop",FALSE
"we can't be friends (wait for your love)","Ariana Grande","gaming","4","pop",FALSE
"The Box","Roddy Ricch","gaming","4","pop",FALSE
"Lovin On Me","Jack Harlow","gaming","4","pop",FALSE
"Royals","Lorde","pop","4","pop",TRUE
"Bleeding Love","Leona Lewis","pop","4","pop",TRUE
"Where Are You Now","Lost Frequencies, Calum Scott","gaming","4","pop",FALSE
"Love Story (Taylor’s Version)","Taylor Swift","pop","4","pop",TRUE
"Mood (feat. iann dior)","24kGoldn, iann dior","gaming","4","pop",FALSE
"SLAY!","Eternxlkz","gaming","4","pop",FALSE
"Jimmy Cooks (feat. 21 Savage)","Drake, 21 Savage","gaming","4","pop",FALSE
"Wherever You Will Go","The Calling","pop","4","pop",TRUE
"Somebody That I Used To Know","Gotye, Kimbra","pop","4","pop",TRUE
"Girl on Fire","Alicia Keys","pop","4","pop",TRUE
"Somedays","Sonny Fodera, Jazzy, D.O.D","gaming","4","pop",FALSE
"Back On 74","Jungle","gaming","4","pop",FALSE
"DEVIL IS A LIE","Tommy Richman","gaming","4","pop",FALSE
"Whatever She Wants","Bryson Tiller","gaming","4","pop",FALSE
"euphoria","Kendrick Lamar","gaming","4","pop",FALSE
"Teenage Dream","Katy Perry","pop","4","pop",TRUE
"What About Us","P!nk","pop","4","pop",TRUE
"Mi Balcon","Vicente Garcia, Cultura Profética","world","4","pop",FALSE
"Runaway","Los Pericos, The Original Wailers","world","4","pop",FALSE
"Decide Tú","Dread Mar I","world","4","pop",FALSE
"FUNKED UP - SLOWED","xxanteria, isq","gaming","4","pop",FALSE
"Too Sweet","Hozier","gaming","4","pop",FALSE
"Caney","Rawayana, Jambene","world","4","pop",FALSE
"TUCA DONKA","CURSEDEVIL, DJ FKU, Skorde","gaming","4","pop",FALSE
"Iris","Pastel Ghost","electronic","4","pop",FALSE
"MONTAGEM - PR FUNK","S3BZS, Mc Gw, Mc Menor Do Alvorada","gaming","4","pop",FALSE
"Resonance","Home","electronic","4","pop",FALSE
"Somebody (2024)","Gotye, FISHER, Chris Lake, Kimbra, Sante Sansone","gaming","4","pop",FALSE
"Whatever","Kygo, Ava Max","gaming","4","pop",FALSE
"ONE CALL","Rich Amiri","gaming","4","pop",FALSE
"Chandelier","Sia","pop","4","pop",TRUE
"Deep Down (feat. Never Dull)","Alok, Ella Eyre, Kenny Dope, Never Dull","gaming","4","pop",FALSE
"Agora Hills","Doja Cat","gaming","4","pop",FALSE
"CUTE DEPRESSED","Dyan Dxddy","gaming","4","pop",FALSE
"BRODYAGA FUNK","Eternxlkz","gaming","4","pop",FALSE
"La Camisa Negra","Juanes","rock","4","pop",FALSE
"Boyz In Paris (with VINAI)","Marnik, Naeleck, VINAI","gaming","4","pop",FALSE
"Watch This - ARIZONATEARS Pluggnb Remix","Lil Uzi Vert, sped up nightcore, ARIZONATEARS","gaming","4","pop",FALSE
"10:35","Tiësto, Tate McRae","gaming","4","pop",FALSE
"TOO COOL TO BE CARELESS","PAWSA","gaming","4","pop",FALSE
"Automotivo Bibi Fogosa","Bibi Babydoll, Dj Brunin XM, KZA Produções","gaming","4","pop",FALSE
"Bones","Imagine Dragons","gaming","4","pop",FALSE
"Tailor Swif","A$AP Rocky","gaming","4","pop",FALSE
"Te Lo Pido por Favor","Jaguares","rock","4","pop",FALSE
"Atmosphere","FISHER, Kita Alexander","gaming","4","pop",FALSE
"9mm","Memphis Cult, Groove Dealers, SPLYXER","gaming","4","pop",FALSE
"edamame","bbno$, Rich Brian","gaming","4","pop",FALSE
"Afuera","Caifanes","rock","4","pop",FALSE
"GOOD LOYAL THOTS","Odetari","gaming","4","pop",FALSE
"Let's Go","Key Glock","gaming","4","pop",FALSE
"GODS","League of Legends, NewJeans","gaming","4","pop",FALSE
"Lamento Boliviano","Los Enanitos Verdes","rock","4","pop",FALSE
"Te quiero","Hombres G","rock","4","pop",FALSE
"Stronger","Young Jonn","afrobeats","4","pop",FALSE
"Are you there?","Ayo Maff","afrobeats","4","pop",FALSE
"MMS","Asake, Wizkid","afrobeats","4","pop",FALSE
"OZEBA","Rema","afrobeats","4","pop",FALSE
"PUSH 2 START","Tyla","afrobeats","4","pop",FALSE
"Awuke","Davido, YG Marley","afrobeats","4","pop",FALSE
"Constantly","Hyce, BoyPee, Brown Joel","afrobeats","4","pop",FALSE
"Piece of My Heart (feat. Brent Faiyaz)","Wizkid, Brent Faiyaz","afrobeats","4","pop",FALSE
"JUJU (feat. Shallipopi)","Smur Lee, ODUMODUBLVCK, Shallipopi","afrobeats","4","pop",FALSE
"Dernière danse","Indila","electronic","4","pop",FALSE
"Dealer","Ayo Maff, Fireboy DML","afrobeats","4","pop",FALSE
"アイドル","YOASOBI","j-pop","4","pop",FALSE
"KICK BACK","Kenshi Yonezu","j-pop","4","pop",FALSE
"ライラック","Mrs. GREEN APPLE","j-pop","4","pop",FALSE
"青のすみか","Tatsuya Kitani","j-pop","4","pop",FALSE
"Est-ce que tu m'aimes ? - Pilule bleue","GIMS","electronic","4","pop",FALSE
"カーテンコール","Yuuri","j-pop","4","pop",FALSE
"晴る","ヨルシカ","j-pop","4","pop",FALSE
"Nobody - from Kaiju No. 8","OneRepublic","j-pop","4","pop",FALSE
"Abyss - from Kaiju No. 8","YUNGBLUD","j-pop","4","pop",FALSE
"絆ノ奇跡","MAN WITH A MISSION, milet","j-pop","4","pop",FALSE
"タイムパラドックス","Vaundy","j-pop","4","pop",FALSE
"Master Of Puppets","Metallica","metal","4","pop",FALSE
"The Trooper - 2015 Remaster","Iron Maiden","metal","4","pop",FALSE
"Walk","Pantera","metal","4","pop",FALSE
"Chop Suey!","System Of A Down","metal","4","pop",FALSE
"Blind","Korn","metal","4","pop",FALSE
"One","Metallica","metal","4","pop",FALSE
"Mother","Danzig","metal","4","pop",FALSE
"Cowboys from Hell","Pantera","metal","4","pop",FALSE
"Duality","Slipknot","metal","4","pop",FALSE
"Enter Sandman","Metallica","metal","4","pop",FALSE
"Hail to the King","Avenged Sevenfold","metal","4","pop",FALSE
"Freak On a Leash","Korn","metal","4","pop",FALSE
"Dragula","Rob Zombie","metal","4","pop",FALSE
"Nightmare","Avenged Sevenfold","metal","4","pop",FALSE
"My Own Summer (Shove It)","Deftones","metal","4","pop",FALSE
"Schism","TOOL","metal","4","pop",FALSE
"Jump - 2015 Remaster","Van Halen","rock","4","pop",FALSE
"Could You Be Loved","Bob Marley & The Wailers","reggae","4","pop",FALSE
"Shake It Off","Taylor Swift","pop","4","pop",TRUE
"Pon de Replay","Rihanna","pop","4","pop",TRUE
"Lady - Hear Me Tonight","Modjo","pop","4","pop",TRUE
"All That She Wants","Ace of Base","pop","4","pop",TRUE
"Wild Ones (feat. Sia)","Flo Rida, Sia","pop","4","pop",TRUE
"Get Lucky (Radio Edit) [feat. Pharrell Williams and Nile Rodgers]","Daft Punk, Pharrell Williams, Nile Rodgers","pop","4","pop",TRUE
"Song For My Father","Horace Silver","jazz","4","pop",FALSE
"Billie Jean","Michael Jackson","pop","4","pop",TRUE
"Feel This Moment (feat. Christina Aguilera)","Pitbull, Christina Aguilera","pop","4","pop",TRUE
"I Love Rock 'N Roll","Joan Jett & the Blackhearts","pop","4","pop",TRUE
"Can’t Wait For You","Mary J. Blige","soul","4","pop",FALSE
"Ektarfa","King","hip-hop","4","pop",FALSE
"Giant Steps - 2020 Remaster","John Coltrane","jazz","4","pop",FALSE
"8 ASLE","Sukha, Chani Nattan, Prodgk, Gurlez Akhtar","hip-hop","4","pop",FALSE
"Takeover","AP Dhillon, Gurinder Gill, Money Musik, AR Paisley","hip-hop","4","pop",FALSE
"Walking On Sunshine","Katrina & The Waves","pop","4","pop",TRUE
"Club Can't Handle Me (feat. David Guetta)","Flo Rida, David Guetta","pop","4","pop",TRUE
"Dear Mama","2Pac","hip-hop","4","pop",FALSE
"I'm Shipping Up To Boston","Dropkick Murphys","punk","4","pop",FALSE
"Mo Money Mo Problems (feat. Puff Daddy & Mase) - 2014 Remaster","The Notorious B.I.G., Mase, Diddy","hip-hop","4","pop",FALSE
"CAN'T STOP THE FEELING! (from DreamWorks Animation's ""TROLLS"")","Justin Timberlake","pop","4","pop",TRUE
"Boogie Wonderland","Earth, Wind & Fire, The Emotions","pop","4","pop",TRUE
"You Shook Me All Night Long","AC/DC","rock","4","pop",FALSE
"Con Calma","Daddy Yankee, Snow","pop","4","pop",TRUE
"Don't Stop Believin'","Journey","rock","4","pop",FALSE
"Africa","TOTO","rock","4","pop",FALSE
"Back In Black","AC/DC","rock","4","pop",FALSE
"Dancing In the Dark","Bruce Springsteen","rock","4","pop",FALSE
"You Give Love A Bad Name","Bon Jovi","rock","4","pop",FALSE
"Summer Of '69","Bryan Adams","rock","4","pop",FALSE
"Should I Stay or Should I Go - Remastered","The Clash","rock","4","pop",FALSE
"Under Pressure - Remastered 2011","Queen, David Bowie","rock","4","pop",FALSE
"I Love Rock 'N Roll","Joan Jett & the Blackhearts","rock","4","pop",FALSE
"Start Me Up - Remastered 2009","The Rolling Stones","rock","4","pop",FALSE
"Jump - 2015 Remaster","Van Halen","rock","4","pop",FALSE
"Free Fallin'","Tom Petty","rock","4","pop",FALSE
"The Final Countdown","Europe","rock","4","pop",FALSE
"Hells Bells","AC/DC","rock","4","pop",FALSE
"Every Little Thing She Does Is Magic","The Police","rock","4","pop",FALSE
"The Boys Of Summer","Don Henley","rock","4","pop",FALSE
"Heroes - 2017 Remaster","David Bowie","rock","4","pop",FALSE
"Born in the U.S.A.","Bruce Springsteen","rock","4","pop",FALSE
"I Won't Back Down","Tom Petty","rock","4","pop",FALSE
"Pour Some Sugar On Me - Remastered 2017","Def Leppard","rock","4","pop",FALSE
"Wanted Dead Or Alive","Bon Jovi","rock","4","pop",FALSE
"Panama - 2015 Remaster","Van Halen","rock","4","pop",FALSE
"Run To You","Bryan Adams","rock","4","pop",FALSE
"Rock the Casbah - Remastered","The Clash","rock","4","pop",FALSE
"The Trooper - 2015 Remaster","Iron Maiden","rock","4","pop",FALSE
"Another One Bites The Dust - Remastered 2011","Queen","rock","4","pop",FALSE
"Hungry Like the Wolf - 2009 Remaster","Duran Duran","rock","4","pop",FALSE
"How Soon Is Now? - 2011 Remaster","The Smiths","rock","4","pop",FALSE
"Shout","Tears For Fears","rock","4","pop",FALSE
"Runaway","Bon Jovi","rock","4","pop",FALSE
"Separate Ways (Worlds Apart) [2023 Remaster]","Journey","rock","4","pop",FALSE
"Glory Days","Bruce Springsteen","rock","4","pop",FALSE
"Hit Me With Your Best Shot","Pat Benatar","rock","4","pop",FALSE
"Mother","Danzig","rock","4","pop",FALSE
"Edge of Seventeen - 2016 Remaster","Stevie Nicks","rock","4","pop",FALSE
"Beds Are Burning - Remastered","Midnight Oil","rock","4","pop",FALSE
"Don't Stand So Close To Me","The Police","rock","4","pop",FALSE
"Hurts So Good","John Mellencamp","rock","4","pop",FALSE
"Hysteria","Def Leppard","rock","4","pop",FALSE
"Call Me","Blondie","rock","4","pop",FALSE
"Fight For Your Right","Beastie Boys","rock","4","pop",FALSE
"Every Rose Has Its Thorn - 2003 Remaster","Poison","rock","4","pop",FALSE
"I Kissed A Girl","Katy Perry","pop","4","pop",TRUE
"Summertime Sadness (Lana Del Rey Vs. Cedric Gervais) - Cedric Gervais Remix","Lana Del Rey, Cedric Gervais","pop","4","pop",TRUE
"MAMI WATA","Gazo, Tiakola","hip-hop","4","pop",FALSE
"ABCD","NAYEON","k-pop","4","pop",FALSE
"Rockstar","LISA","k-pop","4","pop",FALSE
"Supernova","aespa","k-pop","4","pop",FALSE
"Armageddon","aespa","k-pop","4","pop",FALSE
"Overcome","Keith Frank, The Soileau Zydeco Band","world","4","pop",FALSE
"SPOT!","ZICO, JENNIE","k-pop","4","pop",FALSE
"How Sweet","NewJeans","k-pop","4","pop",FALSE
"SHEESH","BABYMONSTER","k-pop","4","pop",FALSE
"LIKE THAT","BABYMONSTER","k-pop","4","pop",FALSE
"Smoothie","NCT DREAM","k-pop","4","pop",FALSE
"Drama","aespa","k-pop","4","pop",FALSE
"Die With A Smile","Lady Gaga, Bruno Mars","pop","4","pop",TRUE
"Minimum ça","Dr. Yaro","afrobeats","4","pop",FALSE
"BIRDS OF A FEATHER","Billie Eilish","pop","4","pop",TRUE
"That’s So True","Gracie Abrams","pop","4","pop",TRUE
"Who","Jimin","pop","4","pop",TRUE
"Running Wild","Jin","pop","4","pop",TRUE
"Take My Breath Away","TWOPILOTS","electronic","4","pop",FALSE
"Taste","Sabrina Carpenter","pop","4","pop",TRUE
"Tu Boda","Oscar Maydon, Fuerza Regida","pop","4","pop",TRUE
"Presidente","Gabito Ballesteros, Natanael Cano, Luis R Conriquez, Neton Vega","latin","4","pop",FALSE
"Espresso","Sabrina Carpenter","pop","4","pop",TRUE
"Timeless (with Playboi Carti)","The Weeknd, Playboi Carti","pop","4","pop",TRUE
"Good Luck, Babe!","Chappell Roan","pop","4","pop",TRUE
"Sunset Lovers","Thierry Von Der Warth, Horizon Blue, Carston","electronic","4","pop",FALSE
"All I Want for Christmas Is You","Mariah Carey","pop","4","pop",TRUE
"Last Christmas - Single Version","Wham!","pop","4","pop",TRUE
"Beautiful Things","Benson Boone","pop","4","pop",TRUE
"Si Antes Te Hubiera Conocido","KAROL G","pop","4","pop",TRUE
"The Emptiness Machine","Linkin Park","pop","4","pop",TRUE
"Please Please Please","Sabrina Carpenter","pop","4","pop",TRUE
"¿Qué pasa?","Orishas","latin","4","pop",FALSE
"Summer Feeling","Matoma, Jonah Kagen","electronic","4","pop",FALSE
"Is This Love - Remix","Bob Marley & The Wailers, LVNDSCAPE, Bolier","electronic","4","pop",FALSE
"Sweater Weather","The Neighbourhood","pop","4","pop",TRUE
"I Wanna Be Yours","Arctic Monkeys","pop","4","pop",TRUE
"Lose Control","Teddy Swims","pop","4","pop",TRUE
"See You Again (feat. Kali Uchis)","Tyler, The Creator, Kali Uchis","pop","4","pop",TRUE
"Yellow","Coldplay","pop","4","pop",TRUE
"Like a Mystery","Eneko Artola","electronic","4","pop",FALSE
"That's What I Like","Bruno Mars","pop","4","pop",TRUE
"Locked out of Heaven","Bruno Mars","pop","4","pop",TRUE
"Bed Chem","Sabrina Carpenter","pop","4","pop",TRUE
"Like Him (feat. Lola Young)","Tyler, The Creator, Lola Young","pop","4","pop",TRUE
"Someone You Loved","Viva La Panda, Justin Rhodes","electronic","4","pop",FALSE
"Rockin' Around The Christmas Tree","Brenda Lee","pop","4","pop",TRUE
"One Of The Girls (with JENNIE, Lily Rose Depp)","The Weeknd, JENNIE, Lily-Rose Depp","pop","4","pop",TRUE
"Just the Way You Are","Bruno Mars","pop","4","pop",TRUE
"A Bar Song (Tipsy)","Shaboozey","pop","4","pop",TRUE
"NIGHTS LIKE THIS","The Kid LAROI","pop","4","pop",TRUE
"Iris","The Goo Goo Dolls","pop","4","pop",TRUE
"In the End","Linkin Park","pop","4","pop",TRUE
"Too Sweet","Hozier","pop","4","pop",TRUE
"Juno","Sabrina Carpenter","pop","4","pop",TRUE
"Riptide","Vance Joy","pop","4","pop",TRUE
"Heavy Is the Crown","Linkin Park","pop","4","pop",TRUE
"DOS DÍAS","Tito Double P, Peso Pluma","pop","4","pop",TRUE
"EL LOKERON","Tito Double P","pop","4","pop",TRUE
"Santa Tell Me","Ariana Grande","pop","4","pop",TRUE
"Jingle Bell Rock","Bobby Helms","pop","4","pop",TRUE
"we can't be friends (wait for your love)","Ariana Grande","pop","4","pop",TRUE
"LA INOCENTE","Mora, Feid","latin","4","pop",FALSE
"Starlight","The Lone Monkeys","rock","4","pop",FALSE
"BUBALU","Feid, Rema","latin","4","pop",FALSE
"People Watching","Sam Fender","rock","4","pop",FALSE
"Tan Bonita","Piso 21","latin","4","pop",FALSE
"Tiroteo - Remix","Marc Seguí, Rauw Alejandro, Pol Granch","latin","4","pop",FALSE
"Cómo Te Atreves","Morat","latin","4","pop",FALSE
"Tacones Rojos","Sebastian Yatra","latin","4","pop",FALSE
"Fuera del mercado","Danny Ocean","latin","4","pop",FALSE
"Ojitos Lindos","Bad Bunny, Bomba Estéreo","latin","4","pop",FALSE
"Otro Atardecer","Bad Bunny, The Marías","latin","4","pop",FALSE
"Yo No Soy Celoso","Bad Bunny","latin","4","pop",FALSE
"Neverita","Bad Bunny","latin","4","pop",FALSE
"Un Coco","Bad Bunny","latin","4","pop",FALSE
"Nothing Matters","The Last Dinner Party","rock","4","pop",FALSE
"PROVENZA","KAROL G","latin","4","pop",FALSE
"Inolvidable","Ovy On The Drums, Beéle","latin","4","pop",FALSE
"DESPECHÁ","ROSALÍA","latin","4","pop",FALSE
"Quevedo: Bzrp Music Sessions, Vol. 52","Bizarrap, Quevedo","latin","4","pop",FALSE
"telepatía","Kali Uchis","latin","4","pop",FALSE
"AMOR DE CINE","HUMBE","latin","4","pop",FALSE
"Gato de Noche","Ñengo Flow, Bad Bunny","latin","4","pop",FALSE
"un x100to","Grupo Frontera, Bad Bunny","latin","4","pop",FALSE
"Don't Take The Money","Bleachers","rock","4","pop",FALSE
"CLASSY 101","Feid, Young Miko","latin","4","pop",FALSE
"Calling After Me","Wallows","rock","4","pop",FALSE
"Dance, Baby!","boy pablo","rock","4","pop",FALSE
"help herself","bbno$, Diamond Pistols","rock","4","pop",FALSE
"I Wanna Get Better","Bleachers","rock","4","pop",FALSE
"New Gold (feat. Tame Impala and Bootie Brown)","Gorillaz, Tame Impala, Bootie Brown","rock","4","pop",FALSE
"Mood (feat. iann dior)","24kGoldn, iann dior","arabic","4","pop",FALSE
"Lemonade (feat. NAV)","Internet Money, Gunna, Don Toliver, NAV","arabic","4","pop",FALSE
"FE!N (feat. Playboi Carti)","Travis Scott, Playboi Carti","arabic","4","pop",FALSE
"Look At Us Now (Honeycomb)","Daisy Jones & The Six","rock","4","pop",FALSE
"Campus","Vampire Weekend","rock","4","pop",FALSE
"Take A Bite","beabadoobee","rock","4","pop",FALSE
"Banquet","Bloc Party","rock","4","pop",FALSE
"Anna Sun","WALK THE MOON","rock","4","pop",FALSE
"$20","boygenius, Julien Baker, Phoebe Bridgers, Lucy Dacus","rock","4","pop",FALSE
"Give Up Baby Go","Peach Pit","rock","4","pop",FALSE
"The Wailing","Tomatow, Nadya Sumarsono","electronic","4","pop",FALSE
"The Middle","Jimmy Eat World","punk","4","pop",FALSE
"Who U Are","Polar Youth","electronic","4","pop",FALSE
"Freestyle","Lil Baby","arabic","4","pop",FALSE
"Dry","GISHIN, AmanderSings","electronic","4","pop",FALSE
"Savage (feat. Flux Pavilion & MAX)","Whethan, Flux Pavilion, MAX","electronic","4","pop",FALSE
"Pretty Little Smile","Tomatow","electronic","4","pop",FALSE
"back to the moon","Gunna","arabic","4","pop",FALSE
"fukumean","Gunna","arabic","4","pop",FALSE
"Stand By Me (feat. Morgan Wallen)","Lil Durk, Morgan Wallen","arabic","4","pop",FALSE
"glow","Fred again.., Duskus, Four Tet, Joy Anonymous, Skrillex","electronic","4","pop",FALSE
"Ain't It Fun","Paramore","punk","4","pop",FALSE
"Lean Wit Me","Juice WRLD","arabic","4","pop",FALSE
"Robbery","Juice WRLD","arabic","4","pop",FALSE
"1400 / 999 Freestyle (feat. Juice WRLD)","Trippie Redd, Juice WRLD","arabic","4","pop",FALSE
"Wishing Well","Juice WRLD","arabic","4","pop",FALSE
"Mine To Love","Ross Quinn","electronic","4","pop",FALSE
"What the Hell","Avril Lavigne","punk","4","pop",FALSE
"Lonely At The Top","Asake","arabic","4","pop",FALSE
"Stronger","Young Jonn","arabic","4","pop",FALSE
"Dealer","Ayo Maff, Fireboy DML","arabic","4","pop",FALSE
"Goodbyes (feat. Young Thug)","Post Malone, Young Thug","arabic","4","pop",FALSE
"Type Shit","Future, Metro Boomin, Travis Scott, Playboi Carti","arabic","4","pop",FALSE
"Sun Will Rise - Edit","Marten Lou, Sasson (FR)","electronic","4","pop",FALSE
"My Own Worst Enemy","Lit","punk","4","pop",FALSE
"MMS","Asake, Wizkid","arabic","4","pop",FALSE
"Active","Asake, Travis Scott","arabic","4","pop",FALSE
"JUJU (feat. Shallipopi)","Smur Lee, ODUMODUBLVCK, Shallipopi","arabic","4","pop",FALSE
"Too Many Nights (feat. Don Toliver & with Future)","Metro Boomin, Future, Don Toliver","arabic","4","pop",FALSE
"Teenagers","My Chemical Romance","punk","4","pop",FALSE
"OZEBA","Rema","arabic","4","pop",FALSE
"Lost","Le Youth, Jerro, Lizzy Land","electronic","4","pop",FALSE
"Piece of My Heart (feat. Brent Faiyaz)","Wizkid, Brent Faiyaz","arabic","4","pop",FALSE
"Life Goes On","Lil Baby, Gunna, Lil Uzi Vert","arabic","4","pop",FALSE
"Kese (Dance)","Wizkid","arabic","4","pop",FALSE
"Radiant Memories","TANUKI","funk","4","pop",FALSE
"Helena","My Chemical Romance","punk","4","pop",FALSE
"Wrecking Ball","Miley Cyrus","pop","4","pop",TRUE
"Starlight","Andora","funk","4","pop",FALSE
"Just Give Me a Reason (feat. Nate Ruess)","P!nk, Nate Ruess","pop","4","pop",TRUE
"Counting Stars","OneRepublic","pop","4","pop",TRUE
"Unstoppable","Sia","pop","4","pop",TRUE
"Yellow","Coldplay","pop","4","pop",TRUE
"End of Beginning","Djo","pop","4","pop",TRUE
"Iris","The Goo Goo Dolls","pop","4","pop",TRUE
"Stick Season","Noah Kahan","pop","4","pop",TRUE
"Ascension","Marsh, Volen Sentir","electronic","4","pop",FALSE
"Story of My Life","One Direction","pop","4","pop",TRUE
"Bulls In The Bronx","Pierce The Veil","punk","4","pop",FALSE
"Something Just Like This","The Chainsmokers, Coldplay","pop","4","pop",TRUE
"Love Will Save Me - CamelPhat Remix","WhoMadeWho, CamelPhat, RY X","electronic","4","pop",FALSE
"Nonsense","Sabrina Carpenter","pop","4","pop",TRUE
"End Of The Road","Boyz II Men","blues","4","pop",FALSE
"Keep Going","Stephan Jolk","electronic","4","pop",FALSE
"Just the Way You Are","Bruno Mars","pop","4","pop",TRUE
"Me mata","Beret","latin","4","pop",FALSE
"Sure Thing","Miguel","pop","4","pop",TRUE
"Perfect","Ed Sheeran","pop","4","pop",TRUE
"Oceanside Girl","Holo","electronic","4","pop",FALSE
"Better in Blak","Thelma Plum","indie","4","pop",FALSE
"Thunder","Imagine Dragons","pop","4","pop",TRUE
"Lover","Taylor Swift","pop","4","pop",TRUE
"Circles","Post Malone","pop","4","pop",TRUE
"Something Right","Luttrell, Molly Moonwater","electronic","4","pop",FALSE
"Ghost","Justin Bieber","pop","4","pop",TRUE
"Maps","Maroon 5","pop","4","pop",TRUE
"Ritmo Desconocido","Dan García, Sergio Mayer Mori","latin","4","pop",FALSE
"Stitches","Shawn Mendes","pop","4","pop",TRUE
"Fix You","Coldplay","pop","4","pop",TRUE
"Fast Car","Luke Combs","pop","4","pop",TRUE
"El Colesterol","Fito Olivares y Su Grupo","latin","4","pop",FALSE
"Anti-Hero","Taylor Swift","pop","4","pop",TRUE
"Complicated","Avril Lavigne","pop","4","pop",TRUE
"Paradise","Coldplay","pop","4","pop",TRUE
"Estas Bien Buena","Los Hermanos Flores","latin","4","pop",FALSE
"Thinking out Loud","Ed Sheeran","pop","4","pop",TRUE
"Drops of Jupiter (Tell Me)","Train","pop","4","pop",TRUE
"Dance The Night - From Barbie The Album","Dua Lipa","pop","4","pop",TRUE
"I Ain't Worried","OneRepublic","pop","4","pop",TRUE
"Try","P!nk","pop","4","pop",TRUE
"This Love","Maroon 5","pop","4","pop",TRUE
"7 Years","Lukas Graham","pop","4","pop",TRUE
"Heartbreak Anniversary","Giveon","pop","4","pop",TRUE
"Cold Heart - PNAU Remix","Elton John, Dua Lipa, PNAU","pop","4","pop",TRUE
"Like I'm Gonna Lose You (feat. John Legend)","Meghan Trainor, John Legend","pop","4","pop",TRUE
"So Into You","Tamia","blues","4","pop",FALSE
"She Will Be Loved - Radio Mix","Maroon 5","pop","4","pop",TRUE
"UN PREVIEW","Bad Bunny","latin","4","pop",FALSE
"Lil Boo Thang","Paul Russell","pop","4","pop",TRUE
"Nothing's Gonna Change My Love for You","George Benson","blues","4","pop",FALSE
"Stuck with U (with Justin Bieber)","Ariana Grande, Justin Bieber","pop","4","pop",TRUE
"Marry You","Bruno Mars","pop","4","pop",TRUE
"Circles24","Preditah","hip-hop","4","pop",FALSE
"Without Me","Halsey","pop","4","pop",TRUE
"Leave Before You Love Me (with Jonas Brothers)","Marshmello, Jonas Brothers","pop","4","pop",TRUE
"Best Day Of My Life","American Authors","pop","4","pop",TRUE
"Sugar","Maroon 5","pop","4","pop",TRUE
"The Middle","Zedd, Maren Morris, Grey","pop","4","pop",TRUE
"Bebé Que Bien Te Ves","J Balvin, Feid","latin","4","pop",FALSE
"Nothing Breaks Like a Heart (feat. Miley Cyrus)","Mark Ronson, Miley Cyrus","pop","4","pop",TRUE
"Last Night","Morgan Wallen","pop","4","pop",TRUE
"Karma","Seyi Vibez","arabic","4","pop",FALSE
"For You","CHEN, BAEKHYUN, XIUMIN","korean","4","pop",FALSE
"A Thousand Miles","Vanessa Carlton","pop","4","pop",TRUE
"Fefe Ne Fefe","Mr Eazi","ambient","4","pop",FALSE
"Señorita","Shawn Mendes, Camila Cabello","pop","4","pop",TRUE
"Wide Awake","Katy Perry","pop","4","pop",TRUE
"I'm Yours","Jason Mraz","pop","4","pop",TRUE
"NDI IKE","Falz, Flavour, ODUMODUBLVCK","arabic","4","pop",FALSE
"Cana","Seyi Vibez","arabic","4","pop",FALSE
"MALDITA POBREZA","Bad Bunny","latin","4","pop",FALSE
"You Know I'm No Good","Amy Winehouse","pop","4","pop",TRUE
"Be Alright","Dean Lewis","pop","4","pop",TRUE
"Someone To You","BANNERS","pop","4","pop",TRUE
"PA' ROMPERLA","Bad Bunny, Don Omar","latin","4","pop",FALSE
"Fight Song","Rachel Platten","pop","4","pop",TRUE
"Good To Be","Mark Ambor","folk","4","pop",FALSE
"Apala Interlude","Seyi Vibez","arabic","4","pop",FALSE
"Demons","Imagine Dragons","pop","4","pop",TRUE
"Azul","J Balvin","latin","4","pop",FALSE
"Issues","Julia Michaels","pop","4","pop",TRUE
"Arcoíris","J Balvin, Mr Eazi","latin","4","pop",FALSE
"Negro","J Balvin","latin","4","pop",FALSE
"Halo","Beyoncé","pop","4","pop",TRUE
"We Are Young (feat. Janelle Monáe)","fun., Janelle Monáe","pop","4","pop",TRUE
"No One","Alicia Keys","pop","4","pop",TRUE
"Back To Black","Amy Winehouse","pop","4","pop",TRUE
"10,000 Hours (with Justin Bieber)","Dan + Shay, Justin Bieber","pop","4","pop",TRUE
"Sinomhlobo","Cairo CPT, Xola Sofuthe","afrobeats","4","pop",FALSE
"Part Of Me","Katy Perry","pop","4","pop",TRUE
"Blanco","J Balvin","latin","4","pop",FALSE
"Sweet Tea (Aduke)","Bnxn","arabic","4","pop",FALSE
"Bellaquita - Remix","Dalex, Lenny Tavárez, Anitta, NATTI NATASHA, Farruko, Justin Quiles","latin","4","pop",FALSE
"Locked out of Heaven","Bruno Mars","pop","4","pop",TRUE
"B11 (feat. Myke Towers)","Rvssian, Darell, Zion & Lennox, Myke Towers","latin","4","pop",FALSE
"Without Me","Eminem","pop","4","pop",TRUE
"Shape of You","Ed Sheeran","pop","4","pop",TRUE
"Give Me Everything (feat. Nayer)","Pitbull, AFROJACK, Ne-Yo, Nayer","pop","4","pop",TRUE
"Take on Me","a-ha","pop","4","pop",TRUE
"Hips Don't Lie (feat. Wyclef Jean)","Shakira, Wyclef Jean","pop","4","pop",TRUE
"Yeah! (feat. Lil Jon & Ludacris)","USHER, Lil Jon, Ludacris","pop","4","pop",TRUE
"Shut Up and Dance","WALK THE MOON","pop","4","pop",TRUE
"Livin' On A Prayer","Bon Jovi","pop","4","pop",TRUE
"Wake Me Up","Avicii","pop","4","pop",TRUE
"Toxic","Britney Spears","pop","4","pop",TRUE
"Sweet Dreams (Are Made of This) - 2005 Remaster","Eurythmics, Annie Lennox, Dave Stewart","pop","4","pop",TRUE
"TiK ToK","Kesha","pop","4","pop",TRUE
"Sorry","Justin Bieber","pop","4","pop",TRUE
"Dancing Queen","ABBA","pop","4","pop",TRUE
"Outside (feat. Ellie Goulding)","Calvin Harris, Ellie Goulding","pop","4","pop",TRUE
"The Way I Are","Timbaland, Keri Hilson, D.O.E.","pop","4","pop",TRUE
"Timber","Pitbull, Kesha","pop","4","pop",TRUE
"The Nights","Avicii","pop","4","pop",TRUE
"DJ Got Us Fallin' In Love (feat. Pitbull)","USHER, Pitbull","pop","4","pop",TRUE
"...Baby One More Time","Britney Spears","pop","4","pop",TRUE
"Dale Moreno","Dj Jhonatan Perú","brazilian","4","pop",FALSE
"Poker Face","Lady Gaga","pop","4","pop",TRUE
"Time of Our Lives","Pitbull, Ne-Yo","pop","4","pop",TRUE
"Summer","Calvin Harris","pop","4","pop",TRUE
"I Wanna Dance with Somebody (Who Loves Me)","Whitney Houston","pop","4","pop",TRUE
"Don't Let Me Down","The Chainsmokers, Daya","pop","4","pop",TRUE
"Gimme More","Britney Spears","pop","4","pop",TRUE
"24K Magic","Bruno Mars","pop","4","pop",TRUE
"Girls Just Want to Have Fun","Cyndi Lauper","pop","4","pop",TRUE
"Summer Of '69","Bryan Adams","pop","4","pop",TRUE
"Stereo Hearts (feat. Adam Levine)","Gym Class Heroes, Adam Levine","pop","4","pop",TRUE
"Call Me Maybe","Carly Rae Jepsen","pop","4","pop",TRUE
"No Lie","Sean Paul, Dua Lipa","pop","4","pop",TRUE
"Titanium (feat. Sia)","David Guetta, Sia","pop","4","pop",TRUE
"SexyBack (feat. Timbaland)","Justin Timberlake, Timbaland","pop","4","pop",TRUE
"I Gotta Feeling","Black Eyed Peas","pop","4","pop",TRUE
"What Do You Mean?","Justin Bieber","pop","4","pop",TRUE
"Don't Stop The Music","Rihanna","pop","4","pop",TRUE
"Wannabe","Spice Girls","pop","4","pop",TRUE
"Moves Like Jagger - Studio Recording From ""The Voice"" Performance","Maroon 5, Christina Aguilera","pop","4","pop",TRUE
"Oops!...I Did It Again","Britney Spears","pop","4","pop",TRUE
"Tainted Love","Soft Cell","pop","4","pop",TRUE
"Just Dance","Lady Gaga, Colby O'Donis","pop","4","pop",TRUE
"Blame (feat. John Newman)","Calvin Harris, John Newman","pop","4","pop",TRUE
"Meditjin","Baker Boy, JessB","world","4","pop",FALSE
"Gimme! Gimme! Gimme! (A Man After Midnight)","ABBA","pop","4","pop",TRUE
"Don't You Worry Child - Radio Edit","Swedish House Mafia, John Martin","pop","4","pop",TRUE
"Sugar (feat. Francesco Yates)","Robin Schulz, Francesco Yates","pop","4","pop",TRUE
"Rock Your Body","Justin Timberlake","pop","4","pop",TRUE
"Disturbia","Rihanna","pop","4","pop",TRUE
"Believe","Cher","pop","4","pop",TRUE
"Don't Go Breaking My Heart","Elton John, Kiki Dee","pop","4","pop",TRUE
"Can't Get You out of My Head","Kylie Minogue","pop","4","pop",TRUE
"Temperature","Sean Paul","pop","4","pop",TRUE
"Latch","Disclosure, Sam Smith","pop","4","pop",TRUE
"Waiting For Love","Avicii","pop","4","pop",TRUE
"On The Floor","Jennifer Lopez, Pitbull","pop","4","pop",TRUE
"9 to 5","Dolly Parton","pop","4","pop",TRUE
"Family Affair","Mary J. Blige","pop","4","pop",TRUE
"Currency","Young Jonn, Olamide","ambient","4","pop",FALSE
"MONACO","Bad Bunny","latin","4","pop",FALSE
"Se Lo Ví","Quantic, Nidia Gongora","brazilian","4","pop",FALSE
"DILUVIO","Rauw Alejandro","latin","4","pop",FALSE
"Ring of Fire","Johnny Cash","country","4","pop",FALSE
"WHERE SHE GOES","Bad Bunny","latin","4","pop",FALSE
"Levels - Radio Edit","Avicii","pop","4","pop",TRUE
"Mamba (With Bella Shmurda & Seyi Vibez)","larrylanes, Bella Shmurda, Seyi Vibez","arabic","4","pop",FALSE
"Forever and Ever, Amen","Randy Travis","country","4","pop",FALSE
"Lay Down Sally","Monica Lopez","country","4","pop",FALSE
"Efecto","Bad Bunny","latin","4","pop",FALSE
"This Is What You Came For","Calvin Harris, Rihanna","pop","4","pop",TRUE
"Can't Hold Us (feat. Ray Dalton)","Macklemore, Ryan Lewis, Macklemore & Ryan Lewis, Ray Dalton","pop","4","pop",TRUE
"Starships","Nicki Minaj","pop","4","pop",TRUE
"When I'm in Your Arms","Cleo Sol","soul","4","pop",FALSE
"Pa' Que Retozen","Tego Calderón","latin","4","pop",FALSE
"Volví","Aventura, Bad Bunny","latin","4","pop",FALSE
"International Love (feat. Chris Brown)","Pitbull, Chris Brown","pop","4","pop",TRUE
"Mamma Mia","ABBA","pop","4","pop",TRUE
"Don't You Want Me","The Human League","pop","4","pop",TRUE
"An Irish Pub Song","The Rumjacks","punk","4","pop",FALSE
"Saudade é Tempero de Vó","Lucas Felix, Mestrinho","brazilian","4","pop",FALSE
"Under Control (feat. Hurts)","Calvin Harris, Alesso, Hurts","pop","4","pop",TRUE
"Hasta Que Dios Diga","Anuel AA, Bad Bunny","latin","4","pop",FALSE
"Glad You Came","The Wanted","pop","4","pop",TRUE
"Lean On (feat. MØ & DJ Snake)","Major Lazer, MØ, DJ Snake","pop","4","pop",TRUE
"Good Feeling","Flo Rida","pop","4","pop",TRUE
"Alors on danse - Radio Edit","Stromae","pop","4","pop",TRUE
"We Found Love","Rihanna, Calvin Harris","pop","4","pop",TRUE
"Jump - 2015 Remaster","Van Halen","pop","4","pop",TRUE
"Good Time","Owl City, Carly Rae Jepsen","pop","4","pop",TRUE
"Replay","Iyaz","pop","4","pop",TRUE
"Break Free","Ariana Grande, Zedd","pop","4","pop",TRUE
"Freed From Desire - prod. Molella, Phil Jay","Gala, Molella, Phil Jay","pop","4","pop",TRUE
"Flashdance...What a Feeling - Radio Edit","Irene Cara","pop","4","pop",TRUE
"Ride Wit Me","Nelly, City Spud","pop","4","pop",TRUE
"Light Work","Elmiene","soul","4","pop",FALSE
"One More Time","Daft Punk","pop","4","pop",TRUE
"Let's Groove","Earth, Wind & Fire","pop","4","pop",TRUE
"The Final Countdown","Europe","pop","4","pop",TRUE
"Whenever, Wherever","Shakira","pop","4","pop",TRUE
"Destination Calabria - Radio Edit","Alex Gaudino, Crystal Waters","pop","4","pop",TRUE
"Everybody (Backstreet's Back) - Radio Edit","Backstreet Boys","pop","4","pop",TRUE
"Like a Prayer","Madonna","pop","4","pop",TRUE
"Hot N Cold","Katy Perry","pop","4","pop",TRUE
"Bye Bye Bye","*NSYNC","pop","4","pop",TRUE
"Hot In Herre","Nelly","pop","4","pop",TRUE
"Take A Chance On Me","ABBA","pop","4","pop",TRUE
"Barbie Girl","Aqua","pop","4","pop",TRUE
"Give It To Me","Timbaland, Justin Timberlake, Nelly Furtado","pop","4","pop",TRUE
"Just Can't Get Enough","Depeche Mode","pop","4","pop",TRUE
"Stayin' Alive","Bee Gees","pop","4","pop",TRUE
"Return of the Mack","Mark Morrison","pop","4","pop",TRUE
"Don't Stop 'Til You Get Enough","Michael Jackson","pop","4","pop",TRUE
"Infinity 2008 - Klaas Vocal Edit","Guru Josh Project, Klaas","pop","4","pop",TRUE
"King","Olly Alexander (Years & Years)","pop","4","pop",TRUE
"December, 1963 (Oh What a Night!)","Frankie Valli & The Four Seasons","pop","4","pop",TRUE
"Don't Worry (with Ray Dalton) - Radio Edit","Madcon, Ray Dalton","pop","4","pop",TRUE
"Livin' la Vida Loca","Ricky Martin","pop","4","pop",TRUE
"Blurred Lines","Robin Thicke, T.I., Pharrell Williams","pop","4","pop",TRUE
"4 Minutes (feat. Justin Timberlake & Timbaland)","Madonna, Justin Timberlake, Timbaland","pop","4","pop",TRUE
"everyday","Fireboy DML","afrobeats","4","pop",FALSE
"Best of My Love","The Emotions","pop","4","pop",TRUE
"Get Up (Rattle) [feat. Far East Movement] - Vocal Edit","Bingo Players, Far East Movement","pop","4","pop",TRUE
"Kiss","Prince","pop","4","pop",TRUE
"Where Them Girls At (feat. Nicki Minaj & Flo Rida)","David Guetta, Flo Rida, Nicki Minaj","pop","4","pop",TRUE
"Nostálgico","Rvssian, Rauw Alejandro, Chris Brown","latin","4","pop",FALSE
"Gato de Noche","Ñengo Flow, Bad Bunny","latin","4","pop",FALSE
"Dynamite","Taio Cruz","pop","4","pop",TRUE
"Born in the U.S.A.","Bruce Springsteen","pop","4","pop",TRUE
"Miami","Will Smith","pop","4","pop",TRUE
"Coco Jamboo","Mr. President","pop","4","pop",TRUE
"Born to Be Alive - The Original","Patrick Hernandez","pop","4","pop",TRUE
"オレンジ","SPYAIR","j-pop","4","pop",FALSE
"花になって - Be a flower","Ryokuoushoku Shakai","j-pop","4","pop",FALSE
"Party Rock Anthem","LMFAO, Lauren Bennett, GoonRock","pop","4","pop",TRUE
"All Around The World (La La La)","R3HAB, A Touch Of Class","pop","4","pop",TRUE
"The Sign","Ace of Base","pop","4","pop",TRUE
"Don't Cha","The Pussycat Dolls, Busta Rhymes","pop","4","pop",TRUE
"U Can't Touch This","MC Hammer","pop","4","pop",TRUE
"Love Really Hurts Without You","Billy Ocean","pop","4","pop",TRUE
"Cotton Eye Joe","Rednex","pop","4","pop",TRUE
"Born This Way","Lady Gaga","pop","4","pop",TRUE
"Rockabye (feat. Sean Paul & Anne-Marie)","Clean Bandit, Sean Paul, Anne-Marie","pop","4","pop",TRUE
"Heroes (we could be)","Alesso, Tove Lo","pop","4","pop",TRUE
"Tarzan Boy","Baltimora","pop","4","pop",TRUE
"The Rhythm of the Night","Corona","pop","4","pop",TRUE
"Never Forget You","Zara Larsson, MNEK","pop","4","pop",TRUE
"Ice Ice Baby","Vanilla Ice","pop","4","pop",TRUE
"Beanie","Chezile","pop","4","pop",TRUE
"the perfect pair","beabadoobee","pop","4","pop",TRUE
"LAST NIGHT WAS LOVELY","STRIPE","hip-hop","4","pop",FALSE
"Bags","Clairo","pop","4","pop",TRUE
"Tip Toe","HYBS","pop","4","pop",TRUE
"For the First Time","Mac DeMarco","pop","4","pop",TRUE
"Worldwide","MC Random, Mista Ed","hip-hop","4","pop",FALSE
"Kadehimi Boş Bırakma","Ezhel","turkish","4","pop",FALSE
"4EVER","Clairo","pop","4","pop",TRUE
"Gəl","Çinarə Məlikzadə","turkish","4","pop",FALSE
"i wanna be your girlfriend","girl in red","pop","4","pop",TRUE
"In the End","Linkin Park","rock","4","pop",FALSE
"The Emptiness Machine","Linkin Park","rock","4","pop",FALSE
"Too Sweet","Hozier","rock","4","pop",FALSE
"Like a Stone","Audioslave","rock","4","pop",FALSE
"Do I Wanna Know?","Arctic Monkeys","rock","4","pop",FALSE
"Californication","Red Hot Chili Peppers","rock","4","pop",FALSE
"Iris","The Goo Goo Dolls","rock","4","pop",FALSE
"Ride","Twenty One Pilots","rock","4","pop",FALSE
"Otherside","Red Hot Chili Peppers","rock","4","pop",FALSE
"What I've Done","Linkin Park","rock","4","pop",FALSE
"Decode","Paramore","rock","4","pop",FALSE
"Breaking the Habit","Linkin Park","rock","4","pop",FALSE
"Maps","Yeah Yeah Yeahs","rock","4","pop",FALSE
"BURN IT DOWN","Linkin Park","rock","4","pop",FALSE
"Everlong","Foo Fighters","rock","4","pop",FALSE
"New Divide","Linkin Park","rock","4","pop",FALSE
"21 Guns","Green Day","rock","4","pop",FALSE
"Everybody's Changing","Keane","rock","4","pop",FALSE
"Leave Out All The Rest","Linkin Park","rock","4","pop",FALSE
"I Don't Love You","My Chemical Romance","rock","4","pop",FALSE
"Scar Tissue","Red Hot Chili Peppers","rock","4","pop",FALSE
"Where Is My Mind?","Pixies","rock","4","pop",FALSE
"CASTLE OF GLASS","Linkin Park","rock","4","pop",FALSE
"Can't Stop","Red Hot Chili Peppers","rock","4","pop",FALSE
"Black","Pearl Jam","rock","4","pop",FALSE
"You Get What You Give","New Radicals","rock","4","pop",FALSE
"THE LONELIEST","Måneskin","rock","4","pop",FALSE
"Ain't No Rest for the Wicked","Cage The Elephant","rock","4","pop",FALSE
"Snow (Hey Oh)","Red Hot Chili Peppers","rock","4","pop",FALSE
"Supermassive Black Hole","Muse","rock","4","pop",FALSE
"Even Flow","Pearl Jam","rock","4","pop",FALSE
"My Demons","STARSET","rock","4","pop",FALSE
"Uprising","Muse","rock","4","pop",FALSE
"Use Somebody","Kings of Leon","rock","4","pop",FALSE
"Dani California","Red Hot Chili Peppers","rock","4","pop",FALSE
"Sex, Drugs, Etc.","Beach Weather","rock","4","pop",FALSE
"In My Place","Coldplay","rock","4","pop",FALSE
"Tchikita","Jul","electronic","4","pop",FALSE
"Last Night on Earth","Green Day","rock","4","pop",FALSE
"Would? (2022 Remaster)","Alice In Chains","rock","4","pop",FALSE
"Hold On Loosely","38 Special","rock","4","pop",FALSE
"Step","T-Koor","hip-hop","4","pop",FALSE
"Far Behind","Candlebox","rock","4","pop",FALSE
"No One Knows","Queens of the Stone Age","rock","4","pop",FALSE
"Just Like Heaven","The Cure","rock","4","pop",FALSE
"By the Way","Red Hot Chili Peppers","rock","4","pop",FALSE
"Two Faced","Linkin Park","rock","4","pop",FALSE
"Starburster","Fontaines D.C.","rock","4","pop",FALSE
"Beaches","beabadoobee","rock","4","pop",FALSE
"The Emptiness Machine","Linkin Park","rock","4","pop",FALSE
"Fear of the Dark - 2015 Remaster","Iron Maiden","metal","4","pop",FALSE
"I'm Shipping Up To Boston","Dropkick Murphys","folk","4","pop",FALSE
"Cowboys from Hell","Pantera","metal","4","pop",FALSE
"Don't Care","Wizkid","ambient","4","pop",FALSE
"The Trooper - 2015 Remaster","Iron Maiden","metal","4","pop",FALSE
"Walk","Pantera","metal","4","pop",FALSE
"INTOXYCATED","Oxlade, Dave","ambient","4","pop",FALSE
"Blind","Korn","metal","4","pop",FALSE
"One","Metallica","metal","4","pop",FALSE
"Mother","Danzig","metal","4","pop",FALSE
"Gaza","Un jour de paix, PNL","hip-hop","4","pop",FALSE
"Duality","Slipknot","metal","4","pop",FALSE
"Enter Sandman","Metallica","metal","4","pop",FALSE
"Cosmic","Red Velvet","k-pop","4","pop",FALSE
"Freak On a Leash","Korn","metal","4","pop",FALSE
"Dragula","Rob Zombie","metal","4","pop",FALSE
"Siren","RIIZE","k-pop","4","pop",FALSE
"My Own Summer (Shove It)","Deftones","metal","4","pop",FALSE
"Schism","TOOL","metal","4","pop",FALSE
"Complicated","Avril Lavigne","punk","4","pop",FALSE
"Dirty Little Secret","The All-American Rejects","punk","4","pop",FALSE
"愛情陷阱","Alan Tam","cantopop","4","pop",FALSE
"Believe Me","Johnny Drille, Don Jazzy","ambient","4","pop",FALSE
"Gracias por Todo","RAFIK","latin","4","pop",FALSE
"Stacy's Mom","Fountains Of Wayne","punk","4","pop",FALSE
"Misery Business","Paramore","punk","4","pop",FALSE
"Call Me When You're Sober","Evanescence","punk","4","pop",FALSE
"Sk8er Boi","Avril Lavigne","punk","4","pop",FALSE
"I'm with You","Avril Lavigne","punk","4","pop",FALSE
"My Happy Ending","Avril Lavigne","punk","4","pop",FALSE
"The Anthem","Good Charlotte","punk","4","pop",FALSE
"灰色","Sandy Lam","cantopop","4","pop",FALSE
"Still into You","Paramore","punk","4","pop",FALSE
"I Write Sins Not Tragedies","Panic! At The Disco","punk","4","pop",FALSE
"All The Small Things","blink-182","punk","4","pop",FALSE
"Wake Me up When September Ends","Green Day","punk","4","pop",FALSE
"Bring Me To Life","Evanescence","punk","4","pop",FALSE
"The Lost Crown (Prince of Persia)","2WEI, Joznez, Kataem","gaming","4","pop",FALSE
"I Miss You","blink-182","punk","4","pop",FALSE
"Boulevard of Broken Dreams","Green Day","punk","4","pop",FALSE
"American Idiot","Green Day","punk","4","pop",FALSE
"Risk","Victony","ambient","4","pop",FALSE
"The Only Exception","Paramore","punk","4","pop",FALSE
"I Think I'm OKAY (with YUNGBLUD & Travis Barker)","mgk, YUNGBLUD, Travis Barker","punk","4","pop",FALSE
"我是憤怒","Beyond","cantopop","4","pop",FALSE
"Ocean Avenue","Yellowcard","punk","4","pop",FALSE
"Face Down","The Red Jumpsuit Apparatus","punk","4","pop",FALSE
"Miss Murder","AFI","punk","4","pop",FALSE
"Thnks fr th Mmrs","Fall Out Boy","punk","4","pop",FALSE
"Mangal Din","Abby V, Ricky Kej, Sivaangi Krishnakumar","indian","4","pop",FALSE
"Magic in the Air (feat. Ahmed Chawki)","Magic System, Chawki","electronic","4","pop",FALSE
"What's My Age Again?","blink-182","punk","4","pop",FALSE
"Bécane - A COLORS SHOW","Yamê","electronic","4","pop",FALSE
"I'm Not Okay (I Promise)","My Chemical Romance","punk","4","pop",FALSE
"Decode","Paramore","punk","4","pop",FALSE
"Hard Times","Paramore","punk","4","pop",FALSE
"When the Night is Over","Lord Huron","ambient","4","pop",FALSE
"Côte Ouest","47ter","electronic","4","pop",FALSE
"Na Na Na (Na Na Na Na Na Na Na Na Na)","My Chemical Romance","punk","4","pop",FALSE
"I Don't Love You","My Chemical Romance","punk","4","pop",FALSE
"The Ghost of You","My Chemical Romance","punk","4","pop",FALSE
"First Date","blink-182","punk","4","pop",FALSE
"Sugar, We're Goin Down","Fall Out Boy","punk","4","pop",FALSE
"Dance, Dance","Fall Out Boy","punk","4","pop",FALSE
"The Rock Show","blink-182","punk","4","pop",FALSE
"Borracho","Sebastián Cortés","latin","4","pop",FALSE
"Adam's Song","blink-182","punk","4","pop",FALSE
"King For A Day","Pierce The Veil, Kellin Quinn","punk","4","pop",FALSE
"Endaro Mahanubhavulu - Sri - Adi","Tyagaraja, M. Balamuralikrishna","indian","4","pop",FALSE
"Sacrifice","Elton John","blues","4","pop",FALSE
"Soh-Soh","Odeal","ambient","4","pop",FALSE
"Against All Odds (Take a Look at Me Now) - 2016 Remaster","Phil Collins","blues","4","pop",FALSE
"Bhaja Govindam","M. S. Subbulakshmi","indian","4","pop",FALSE
"The Power of Love","Céline Dion","blues","4","pop",FALSE
"It Must Have Been Love - From the Film ""Pretty Woman""","Roxette","blues","4","pop",FALSE
"Lean Wit Me","Juice WRLD","hip-hop","4","pop",FALSE
"Salt","Dai Verse","ambient","4","pop",FALSE
"Out Of Luck","Old Mervs","indie","4","pop",FALSE
"Todo contigo","Yoly Saa","latin","4","pop",FALSE
"witchblades","Lil Peep, Lil Tracy","hip-hop","4","pop",FALSE
"Apologize","OneRepublic","blues","4","pop",FALSE
"Daiwal","Marc Seguí, Xavibo","latin","4","pop",FALSE
"everyday","Fireboy DML","ambient","4","pop",FALSE
"Mad","Ne-Yo","blues","4","pop",FALSE
"Let Me Love You","Mario","blues","4","pop",FALSE
"Halo","Beyoncé","blues","4","pop",FALSE
"HIM ALL ALONG","Gunna","hip-hop","4","pop",FALSE
"Maria I'm Drunk (feat. Justin Bieber & Young Thug)","Travis Scott, Justin Bieber, Young Thug","hip-hop","4","pop",FALSE
"Because You Loved Me (Theme from ""Up Close and Personal"")","Céline Dion","blues","4","pop",FALSE
"A Thousand Miles","Vanessa Carlton","blues","4","pop",FALSE
"Todo Me Gusta De Ti","Aaron Y Su Grupo Ilusion","latin","4","pop",FALSE
"All My Life","K-Ci & JoJo","blues","4","pop",FALSE
"Cana","Seyi Vibez","ambient","4","pop",FALSE
"Say My Name","Destiny's Child","blues","4","pop",FALSE
"Baby","Justin Bieber, Ludacris","blues","4","pop",FALSE
"U Remind Me","USHER","blues","4","pop",FALSE
"Free Fall (feat. J. Cole)","Tems, J. Cole","ambient","4","pop",FALSE
"Drunk in Love (feat. Jay-Z)","Beyoncé, JAY-Z","blues","4","pop",FALSE
"Ebai","Marc Seguí","latin","4","pop",FALSE
"Dealer","Ayo Maff, Fireboy DML","ambient","4","pop",FALSE
"Hate That I Love You","Rihanna, Ne-Yo","blues","4","pop",FALSE
"Ilashe","Ruger, Bnxn","ambient","4","pop",FALSE
"Happiness (feat. Asake & Gunna)","Sarz, Asake, Gunna","ambient","4","pop",FALSE
"Baby Can I Hold You","Tracy Chapman","blues","4","pop",FALSE
"No One","Alicia Keys","blues","4","pop",FALSE
"Qué Pasaría...","Rauw Alejandro, Bad Bunny","latin","4","pop",FALSE
"NYEM EGO (feat. Jeriq)","Blaqbonez, Jeriq","ambient","4","pop",FALSE
"Bleeding Love","Leona Lewis","blues","4","pop",FALSE
"We Belong Together","Mariah Carey","blues","4","pop",FALSE
"Suéltate Tú","Farruko","latin","4","pop",FALSE
"When I See U","Fantasia","blues","4","pop",FALSE
"Another Day in Paradise - 2016 Remaster","Phil Collins","blues","4","pop",FALSE
"Man of The Year","Seyi Vibez","arabic","4","pop",FALSE
"Beautiful Girls","Sean Kingston","blues","4","pop",FALSE
"Sweet Home Alabama","Lynyrd Skynyrd","rock","4","pop",FALSE
"Cheques","Shubh","hip-hop","4","pop",FALSE
"Simple Man","Lynyrd Skynyrd","rock","4","pop",FALSE
"SIMMER DOWN","Black Sherif","ambient","4","pop",FALSE
"Stick Season","Noah Kahan","folk","4","pop",FALSE
"Silver Lining","Mt. Joy","folk","4","pop",FALSE
"Blessing","Mohbad","arabic","4","pop",FALSE
"Old Money","AP Dhillon","hip-hop","4","pop",FALSE
"Baby","Nicki Nicole","latin","4","pop",FALSE
"Fantasias","Rauw Alejandro, Farruko","latin","4","pop",FALSE
"Big Dawgs","Hanumankind, Kalmi","hip-hop","4","pop",FALSE
"AM Remix","Nio Garcia, J Balvin, Bad Bunny","latin","4","pop",FALSE
"Sweet Tea (Aduke)","Bnxn","ambient","4","pop",FALSE
"I Adore You (feat. Daecolm)","HUGEL, Topic, Arash, Daecolm","electronic","4","pop",FALSE
"Yamore","MoBlack, Salif Keita, Benja (NL), Franc Fala, Cesária Evora","electronic","4","pop",FALSE
"Stand By Me","SHINee","korean","4","pop",FALSE
"Realize (feat. taves)","Bnxn, taves","ambient","4","pop",FALSE
"Scared To Start","Michael Marcagi","folk","4","pop",FALSE
"My G","Kizz Daniel","ambient","4","pop",FALSE
"The Boy Is Mine","James Mac, Vall, Rosalie","electronic","4","pop",FALSE
"Hushpuppi","Seyi Vibez","arabic","4","pop",FALSE
"Riptide","Vance Joy","folk","4","pop",FALSE
"Famax - Edit","RAFFA GUIDO","electronic","4","pop",FALSE
"SI ELLA SALE","Bad Bunny","latin","4","pop",FALSE
"Night Drive","LoFi Waiter","lofi","4","pop",FALSE
"Saturday Sun","Vance Joy","folk","4","pop",FALSE
"+234","Seyi Vibez","arabic","4","pop",FALSE
"Gris","J Balvin","latin","4","pop",FALSE
"Right Energy","Bnxn","ambient","4","pop",FALSE
"City Boys","Burna Boy","ambient","4","pop",FALSE
"Kun Faya Kun (Be and it is)","Seyi Vibez","arabic","4","pop",FALSE
"Operator (That's Not the Way It Feels)","Jim Croce","folk","4","pop",FALSE
"Joha","Asake","latin","4","pop",FALSE
"For the Gods","Seyi Vibez","arabic","4","pop",FALSE
"I Believe","Asake","arabic","4","pop",FALSE
"White Brown Black","Avvy Sra, Karan Aujla, Jaani","indian","4","pop",FALSE
"Backside","Mohbad","arabic","4","pop",FALSE
"Porque Yo","Pahua, Eva de Marce","world","4","pop",FALSE
"NO MORE CONDITION","Rexxie, Zinoleesky","arabic","4","pop",FALSE
"High","Adekunle Gold, Davido","latin","4","pop",FALSE
"TONIGHT (feat. Libianca & Jae5)","NSG, Libianca, JAE5","ambient","4","pop",FALSE
"Stumblin' In","CYRIL","electronic","4","pop",FALSE
"Eres","Café Tacvba","rock","4","pop",FALSE
"For Daddy","Mayorkun","arabic","4","pop",FALSE
"love nwantiti (ah ah ah) [feat. Joeboy & Kuami Eugene] [Remix]","CKay, Joeboy, Kuami Eugene","latin","4","pop",FALSE
"Big 7","Burna Boy","ambient","4","pop",FALSE
"Riptide","TWOPILOTS","electronic","4","pop",FALSE
"Stumblin' In","CYRIL","electronic","4","pop",FALSE
"Feeling Funny","Lil Kesh, Young Jonn","arabic","4","pop",FALSE
"Traboski","Bnxn","arabic","4","pop",FALSE
"Celebrate","Olamide","ambient","4","pop",FALSE
"Give It To Me - Full Vocal Mix","Matt Sassari","electronic","4","pop",FALSE
"Maldito duende","Heroes Del Silencio","rock","4","pop",FALSE
"Great Guy","Asake","arabic","4","pop",FALSE
"Never Going Home Tonight (feat. Madison Love)","David Guetta, Alesso, Madison Love","electronic","4","pop",FALSE
"Sittin' On Top Of The World","Burna Boy","ambient","4","pop",FALSE
"Billion Bucks","Balloranking","arabic","4","pop",FALSE
"Kilometer","Bnxn","arabic","4","pop",FALSE
"Rocking","Zinoleesky","arabic","4","pop",FALSE
"Ameno Amapiano Remix (You Wanna Bamba)","Goya Menor, Nektunez","latin","4","pop",FALSE
"Bad Since '97","Bnxn","arabic","4","pop",FALSE
"Baianá","Bakermat","electronic","4","pop",FALSE
"Mogbe","Asake","arabic","4","pop",FALSE
"I Believe","Asake","ambient","4","pop",FALSE
"HIGHER","Patoranking","ambient","4","pop",FALSE
"Alibi (feat. Rudimental)","Ella Henderson, Rudimental","electronic","4","pop",FALSE
"Many Roads","Zinoleesky, Ayra Starr","arabic","4","pop",FALSE
"Body","Naira Marley","arabic","4","pop",FALSE
"Gbese","Majeeed, Tiwa Savage","arabic","4","pop",FALSE
"Yan Yan Yan","Zinoleesky","arabic","4","pop",FALSE
"Money & Love","Wizkid","ambient","4","pop",FALSE
"Kere","Adekunle Gold","ambient","4","pop",FALSE
"Don Perignon","Balloranking, Shallipopi","arabic","4","pop",FALSE
"7AM in Lekki","BhadBoi OML","arabic","4","pop",FALSE
"adore u","Fred again.., Obongjayar","electronic","4","pop",FALSE
"Yoga","Asake","ambient","4","pop",FALSE
"On The Road (feat. Meek Mill & Lil Baby)","Post Malone, Meek Mill, Lil Baby","arabic","4","pop",FALSE
"Dues","Wande Coal","ambient","4","pop",FALSE
"Trap [Feat. Lil Baby]","SAINt JHN, Lil Baby","arabic","4","pop",FALSE
"Whistle (feat. Calum Scott)","Jax Jones, Calum Scott","electronic","4","pop",FALSE
"PONA NINI","Tiakola, Genezio, Prototype","electronic","4","pop",FALSE
"Love Is The Only Thing","Lost Frequencies","electronic","4","pop",FALSE
"Nobody Holy","Wande Coal","ambient","4","pop",FALSE
"Deep In Your Love","Alok, Bebe Rexha","electronic","4","pop",FALSE
"o'dun","Naira Marley, Zinoleesky","arabic","4","pop",FALSE
"Romeo Must Die (RMD)","Ruger, Bnxn","arabic","4","pop",FALSE
"You & Me - Flume Remix","Disclosure, Eliza Doolittle, Flume","electronic","4","pop",FALSE
"Roses","The Chainsmokers, ROZES","electronic","4","pop",FALSE
"JELO","Pheelz, Young Jonn","arabic","4","pop",FALSE
"My Daddy, My Daddy - Live at AiiiH - As It Is In Heaven","Sunmisola Agbebi, Lawrence Oyor","gospel","4","pop",FALSE
"El Listón De Tu Pelo","Los Ángeles Azules","latin","4","pop",FALSE
"Charm","Rema","ambient","4","pop",FALSE
"Magician (feat. J Milla & Yung L)","Ice Prince, J-Milla, Yung L","ambient","4","pop",FALSE
"Big Big Things (feat. Kizz Daniel & Seyi Vibez)","Young Jonn, Kizz Daniel, Seyi Vibez","arabic","4","pop",FALSE
"Gata Only (Remix)","FloyyMenor, Ozuna, Anitta","latin","4","pop",FALSE
"PELIGROSA","FloyyMenor","latin","4","pop",FALSE
"U (JUJU) (feat. Skepta)","Davido, Skepta","ambient","4","pop",FALSE
"Barcelona","Alan Walker, Ina Wroldsen","pop","4","pop",TRUE
"REINA","Mora, SAIKO","latin","4","pop",FALSE
"Payal","Yo Yo Honey Singh, Paradox","hip-hop","4","pop",FALSE
"Edge of Seventeen - 2016 Remaster","Stevie Nicks","rock","4","pop",FALSE
"BaTachti","Dovid Lowy","world","4","pop",FALSE
"Just Another Daydream","Jacob Reddy","rock","4","pop",FALSE
"Ojos Vicheros","Quantic, Nidia Gongora","brazilian","4","pop",FALSE
"HIGHEST IN THE ROOM (feat. ROSALÍA & Lil Baby) - REMIX","Travis Scott, ROSALÍA, Lil Baby","arabic","4","pop",FALSE
"Chaneinu","Moshe Lang, Waterbury Mesivta, Sruli, Moyo","world","4","pop",FALSE
"Coco Chanel","Eladio Carrion, Bad Bunny","latin","4","pop",FALSE
"Prego Batido","Bernadete França","brazilian","4","pop",FALSE
"Mili Deshtuta - Crazy Stuff","Thank You Hashem, DJ Farbreng, Moshe Storch, Mikey Mause","world","4","pop",FALSE
"Ô Sertão","Ó Do Forró","brazilian","4","pop",FALSE
"Baião Destemperado","Barbatuques","brazilian","4","pop",FALSE
"Bate no Pandeiro","Ó Do Forró","brazilian","4","pop",FALSE
"Tarot","Bad Bunny, JHAYCO","latin","4","pop",FALSE
"Abc do Sertão","Bicho de Pé","brazilian","4","pop",FALSE
"MEMORIAS","Mora, JHAYCO","latin","4","pop",FALSE
"Bença","Juliette","brazilian","4","pop",FALSE
"Out My Hair","Mack Keane","soul","4","pop",FALSE
"Despedida","Thais Nogueira","brazilian","4","pop",FALSE
"Yonaguni","Bad Bunny","latin","4","pop",FALSE
"Many Ways (feat. Wizkid)","Bnxn, Wizkid","arabic","4","pop",FALSE
"Tem Quem Reze por Mim","Trio Juazeiro","brazilian","4","pop",FALSE
"Set Me Free","DeScribe","world","4","pop",FALSE
"alone","Tiana Major9","soul","4","pop",FALSE
"Quer Mais um Pouquinho","Ó Do Forró","brazilian","4","pop",FALSE
"Rose Tattoo","Dropkick Murphys","punk","4","pop",FALSE
"Sexy to Someone","Clairo","pop","4","pop",TRUE
"A Tu Merced","Bad Bunny","latin","4","pop",FALSE
"Si Veo a Tu Mamá","Bad Bunny","latin","4","pop",FALSE
"Drunken Sailor","Blaggards","punk","4","pop",FALSE
"Yo Perreo Sola","Bad Bunny","latin","4","pop",FALSE
"See You Again (feat. Kali Uchis)","Tyler, The Creator, Kali Uchis","hip-hop","4","pop",FALSE
"The Worst Day Since Yesterday","Flogging Molly","punk","4","pop",FALSE
"magic","strongboi","pop","4","pop",TRUE
"Tired Boy","Sunday (1994)","pop","4","pop",TRUE
"dirty dancer","Orion Sun","pop","4","pop",TRUE
"apart of me","Takayoshi","pop","4","pop",TRUE
"Verte Ir","DJ Luian, Mambo Kingz, Anuel AA, Nicky Jam, Darell, Brytiago","latin","4","pop",FALSE
"Morning Sex","Ralph Castelli","pop","4","pop",TRUE
"Falling Down (with Nick Hexum of 311)","Tropidelic, 311","reggae","4","pop",FALSE
"512","Mora, JHAYCO","latin","4","pop",FALSE
"Ay Vamos","J Balvin","latin","4","pop",FALSE
"Borro Cassette","Maluma","latin","4","pop",FALSE
"6 AM","J Balvin, Farruko","latin","4","pop",FALSE
"Heaven","Clairo","pop","4","pop",TRUE
"Call Me Up","daydreamers","pop","4","pop",TRUE
"No Es Justo","J Balvin, Zion & Lennox","latin","4","pop",FALSE
"Una Vez","Bad Bunny, Mora","latin","4","pop",FALSE
"Una Locura","Ozuna, J Balvin, Chencho Corleone","latin","4","pop",FALSE
"Walala Wasala","Sam Deep, Zuma, LeeMcKrazy, The Bless","afrobeats","4","pop",FALSE
"Creep","Radiohead","rock","4","pop",FALSE
"EL MAKINON","KAROL G, Mariah Angeliq","latin","4","pop",FALSE
"Pepas","Farruko","latin","4","pop",FALSE
"ALMAS GEMELAS","Myke Towers","latin","4","pop",FALSE
"Bitter Sweet Symphony","The Verve","rock","4","pop",FALSE
"Lo Siento BB:/ (with Bad Bunny & Julieta Venegas)","Tainy, Bad Bunny, Julieta Venegas","latin","4","pop",FALSE
"MAMIII","Becky G, KAROL G","latin","4","pop",FALSE
"Desesperados","Rauw Alejandro, Chencho Corleone","latin","4","pop",FALSE
"Losing My Religion","R.E.M.","rock","4","pop",FALSE
"Rescue Light","Hurricane on Saturn","rock","4","pop",FALSE
"Moscow Mule","Bad Bunny","latin","4","pop",FALSE
"YOUtopia","Bring Me The Horizon","rock","4","pop",FALSE
"Perfect Soul","Spiritbox","rock","4","pop",FALSE
"Hell You Call A Dream","The Warning","rock","4","pop",FALSE
"¿Qué Nos Pasó?","Anuel AA","latin","4","pop",FALSE
"LA INOCENTE","Mora, Feid","latin","4","pop",FALSE
"TAKE ME IN","blink-182","rock","4","pop",FALSE
"SPECIALZ","King Gnu","j-pop","4","pop",FALSE
"廻廻奇譚","Eve","j-pop","4","pop",FALSE
"ミックスナッツ","OFFICIAL HIGE DANDISM","j-pop","4","pop",FALSE
"QUEMA","Ryan Castro, Peso Pluma, SOG","latin","4","pop",FALSE
"LALA","Myke Towers","latin","4","pop",FALSE
"Lollipop","Darell","latin","4","pop",FALSE
"Pa Ti Estoy","Ozuna, Anuel AA, Chris Jedi","latin","4","pop",FALSE
"Corazón Roto - Remix","Brray, JHAYCO, Ryan Castro","latin","4","pop",FALSE
"El Efecto - Remix","Rauw Alejandro, Chencho Corleone, KEVVO, Bryant Myers, Lyanno, Dalex","latin","4","pop",FALSE
"Always, Everytime","The Wrecks","rock","4","pop",FALSE
"Pot-Pourri: Eu Não Sou o Que Ela Pensou/ Não Fique a Se Torturar/ Vai Pro Lado de Lá","Arlindo Cruz & Sombrinha","brazilian","4","pop",FALSE
"Nada","Cazzu, Lyanno, Rauw Alejandro, Dalex","latin","4","pop",FALSE
"Santa","Rvssian, Rauw Alejandro, Ayra Starr","latin","4","pop",FALSE
"Da Música","Arlindo Cruz & Sombrinha","brazilian","4","pop",FALSE
"The Rumbling (Attack on Titan)","Ryuven, Ner Leva","metal","4","pop",FALSE
"Painkiller","Judas Priest","metal","4","pop",FALSE
"SI NO ES CONTIGO","Cris Mj","latin","4","pop",FALSE
"Gata Only","FloyyMenor, Cris Mj","latin","4","pop",FALSE
"ELOVRGA","Alex Favela, Grupo Marca Registrada, Joaquin Medina","latin","4","pop",FALSE
"When You're Gone","Avril Lavigne","punk","4","pop",FALSE
"Si Antes Te Hubiera Conocido","KAROL G","latin","4","pop",FALSE
"Addicted","Simple Plan","punk","4","pop",FALSE
"Helpless","Andreas Moe","pop","4","pop",TRUE
"It Ends Tonight","The All-American Rejects","punk","4","pop",FALSE
"APAGA EL CEL","FloyyMenor, Lewis Somes","latin","4","pop",FALSE
"CLASSY 101","Feid, Young Miko","latin","4","pop",FALSE
"LUNA","Feid, ATL Jacob","latin","4","pop",FALSE
"TU TA RICA","FloyyMenor, Lewis Somes","latin","4","pop",FALSE
"Parado no Bailão","MC L da Vinte, MC Gury","brazilian","4","pop",FALSE
"ICONIC","Raaban, Julie Bergan","pop","4","pop",TRUE
"BRAZILIAN DANÇA PHONK","6YNTHMANE, RXDXVIL","brazilian","4","pop",FALSE
"MONTAGEM - PR FUNK","S3BZS, Mc Gw, Mc Menor Do Alvorada","brazilian","4","pop",FALSE
"Faz um Vuk Vuk (Teto Espelhado)","MC Kevin o Chris, Dj Nk Da Serra, Mc Magrinho","brazilian","4","pop",FALSE
"Tell Mama","ALMA","pop","4","pop",TRUE
"Soledad","Westlife, Bernard Löhr","blues","4","pop",FALSE
"Swear It Again - Radio Edit","Westlife","blues","4","pop",FALSE
"THE BOX MEDLEY FUNK 2","THE BOX, Mc Brinquedo, MC Cebezinho, MC Tuto, Mc Laranjinha, DJ Oreia","brazilian","4","pop",FALSE
"Flying Without Wings","Westlife","blues","4","pop",FALSE
"Sawa","Ahmed Spins, Idd Aziz","electronic","4","pop",FALSE
"Tá OK","DENNIS, MC Kevin o Chris","brazilian","4","pop",FALSE
"24 Hours","Agnes","pop","4","pop",TRUE
"Life for Rent","Dido","blues","4","pop",FALSE
"För bra för att vara sant","Arwin","pop","4","pop",TRUE
"Geçiyor Zaman","Semicenk","turkish","4","pop",FALSE
"Kader Sağ Olsun","Semicenk","turkish","4","pop",FALSE
"Rain, Tax (It's Inevitable)","Céline Dion","blues","4","pop",FALSE
"Lonely","LIAMOO","pop","4","pop",TRUE
"Kafamın İçi","Ebru Yaşar, Siyam, Zeyd","turkish","4","pop",FALSE
"Do It To Me","Lionel Richie","blues","4","pop",FALSE
"Self Care","Mac Miller","hip-hop","4","pop",FALSE
"I'm Good Luv, Enjoy.","Aaron May","hip-hop","4","pop",FALSE
"Timeless (with Playboi Carti)","The Weeknd, Playboi Carti","hip-hop","4","pop",FALSE
"Where I Belong","NSH","electronic","4","pop",FALSE
"Hazel Hall","Motrik","rock","4","pop",FALSE
"Jukebox Joints (feat. Joe Fox & Kanye West)","A$AP Rocky, Joe Fox, Kanye West","hip-hop","4","pop",FALSE
"Kärlekssjuk","HON","pop","4","pop",TRUE
"Million Memories","Thierry Von Der Warth, Thomas Geelens","electronic","4","pop",FALSE
"I Just Called To Say I Love You","Stevie Wonder","korean","4","pop",FALSE
"Devil In A New Dress","Kanye West, Rick Ross","hip-hop","4","pop",FALSE
"My Girl","Mayflower","rock","4","pop",FALSE
"Go Flex","Post Malone","hip-hop","4","pop",FALSE
"För mig själv","Alex Järvi","pop","4","pop",TRUE
"Waiting","Grimm Jack","rock","4","pop",FALSE
"let go","Andreas Wijk","pop","4","pop",TRUE
"If It Weren’t For You","Christopher","pop","4","pop",TRUE
"Diskotek","Jesper Jenset, vinni","pop","4","pop",TRUE
"What You Know (feat. Levka Rey)","KHEMIS, BNHM, Levka Rey","electronic","4","pop",FALSE
"It Was A Good Day","Ice Cube","hip-hop","4","pop",FALSE
"WUSYANAME (feat. Youngboy Never Broke Again & Ty Dolla $ign)","Tyler, The Creator, YoungBoy Never Broke Again, Ty Dolla $ign","hip-hop","4","pop",FALSE
"Hard To Handle","The Black Crowes","rock","4","pop",FALSE
"a lot","21 Savage","hip-hop","4","pop",FALSE
"Flashing Lights","Kanye West, Dwele","hip-hop","4","pop",FALSE
"Kerosene","Miranda Lambert","rock","4","pop",FALSE
"Walk On Water","Gretchen Wilson","rock","4","pop",FALSE
"Helmet","Steve Lacy","rock","4","pop",FALSE
"Ain't Much Left of Me","Blackberry Smoke","rock","4","pop",FALSE
"Januari","L1NA","pop","4","pop",TRUE
"Don't Misunderstand Me","Rossington Collins Band","rock","4","pop",FALSE
"Start Walking","Tove Styrke","pop","4","pop",TRUE
"Høyt over havet","Chris Holsten","pop","4","pop",TRUE
"Bon Voyage","Dotter","pop","4","pop",TRUE
"Break from Toronto","PARTYNEXTDOOR","hip-hop","4","pop",FALSE
"You Know How We Do It","Ice Cube","hip-hop","4","pop",FALSE
"Sista sommaren","Thomas Stenström","pop","4","pop",TRUE
"Aldrig säga aldrig","Felicia Takman","pop","4","pop",TRUE
"The State Of Massachusetts","Dropkick Murphys","punk","4","pop",FALSE
"Providence","Poor Man's Poison","folk","4","pop",FALSE
"What You Were Made For","Måns Zelmerlöw","pop","4","pop",TRUE
"Fint i mörker","Veronica Maggio","pop","4","pop",TRUE
"Piece of My Heart (feat. Brent Faiyaz)","Wizkid, Brent Faiyaz","ambient","4","pop",FALSE
"MMS","Asake, Wizkid","ambient","4","pop",FALSE
"Awolowo","Fido","ambient","4","pop",FALSE
"Saknar inte dig - Moonshine Remix","ALMEA, Moonshine","pop","4","pop",TRUE
"想念你想我","Eric Chou","mandopop","4","pop",FALSE
"Lonely At The Top","Asake","ambient","4","pop",FALSE
"Icarus (feat. Julie Elven)","Iván Torrent, Julie Elven","classical","4","pop",FALSE
"Soweto (with Don Toliver, Rema & Tempoe)","Victony, Rema, Tempoe, Don Toliver","ambient","4","pop",FALSE
"Rush","Ayra Starr","ambient","4","pop",FALSE
"Free Mind","Tems","ambient","4","pop",FALSE
"Essence (feat. Tems)","Wizkid, Tems","ambient","4","pop",FALSE
"Ihana kipu","VIIVI, Robin Packalen","pop","4","pop",TRUE
"Om inte du (feat. Rasmus Wahlgren)","Emilia Pantic, Rasmus Wahlgren","pop","4","pop",TRUE
"我對你的愛沒有盡頭","蕭秉治","mandopop","4","pop",FALSE
"泡沫","李浩瑋 Howard Lee, Patrick Brasca","mandopop","4","pop",FALSE
"KU LO SA - A COLORS SHOW","Oxlade","ambient","4","pop",FALSE
"Pano Tona","Kizz Daniel, Adekunle Gold","ambient","4","pop",FALSE
"Are you there?","Ayo Maff","ambient","4","pop",FALSE
"Dansa fult","Felicia Takman","pop","4","pop",TRUE
"Take Me Away","Tomatow, Cosmowave","electronic","4","pop",FALSE
"N-Y-T","Benjamin","pop","4","pop",TRUE
"Take Me To Church","Hozier","ambient","4","pop",FALSE
"cardigan","Taylor Swift","ambient","4","pop",FALSE
"The Rebel Path","P.T. Adamczyk","gaming","4","pop",FALSE
"傾斜","Sandy Lam, Wong Kei Wah","cantopop","4","pop",FALSE
"Lättdistraherad","Dotter","pop","4","pop",TRUE
"Me Gusta","Gretch'N","latin","4","pop",FALSE
"idfc","blackbear","ambient","4","pop",FALSE
"Till Solen Brinner Ut","Rymdpojken","pop","4","pop",TRUE
"It Ain't You","Hedda Mae","pop","4","pop",TRUE
"Arigato","Julie Bergan","pop","4","pop",TRUE
"Not Too Young, Pt. 2","Sabina Ddumba","pop","4","pop",TRUE
"Comme d'habitude","Claude François","electronic","4","pop",FALSE
"Worth Something","Isac Elliot","pop","4","pop",TRUE
"High","Jesper Jenset","pop","4","pop",TRUE
"女人的弱點","Sally Yeh","cantopop","4","pop",FALSE
"Euphoria","Loreen","pop","4","pop",TRUE
"Todo Cambió","Camila","rock","4","pop",FALSE
"Astro","Kenneth C M Young","gaming","4","pop",FALSE
"Million Miles Away - Edit","Vantage, Milk Talk","funk","4","pop",FALSE
"情人","Beyond","cantopop","4","pop",FALSE
"早班火車","Beyond","cantopop","4","pop",FALSE
"Aa Vasant Rajni","Meghdeep Bose","indian","4","pop",FALSE
"Alive","Madden","pop","4","pop",TRUE
"Lvst","Flammy","funk","4","pop",FALSE
"Elle Danse sexy","Sisi K, BB Model","electronic","4","pop",FALSE
"Jaa Kaga","Abby V, Ricky Kej, Benny Dayal","indian","4","pop",FALSE
"Garaj Garaj Jugalbandi","Shankar-Ehsaan-Loy, Farid Hasan, Mohammed Aman","indian","4","pop",FALSE
"Garjat Aayi Re - Miyan Malhaar - Teentaal","Jazim Sharma, Kumar Sharma, Kathak Rockers","indian","4","pop",FALSE
"Brooklyn Baby","Lana Del Rey","ambient","4","pop",FALSE
"Would That I","Hozier","ambient","4","pop",FALSE
"La Playa","Myke Towers","latin","4","pop",FALSE
"5AM","Volver","latin","4","pop",FALSE
"Alltid god","Impuls","pop","4","pop",TRUE
"Munda Inj Da Nahi","Surjit Bhullar, Mista Baaz","indian","4","pop",FALSE
"Save Me","Kaskade, Lauren L'aimant","electronic","4","pop",FALSE
"In My Head","Trilucid","electronic","4","pop",FALSE
"STFU","Julie Bergan","pop","4","pop",TRUE
"Gutt","Sippy Gill, Mxrci","indian","4","pop",FALSE
"Sherwood Forest","Nora En Pure","electronic","4","pop",FALSE
"Gadaar","Korala Maan, Youngstarr Pop Boy","indian","4","pop",FALSE
"Losing You","Oscar Stembridge","pop","4","pop",TRUE
"24","SKAAR","pop","4","pop",TRUE
"Trihte","Kimberley Tell","latin","4","pop",FALSE
"Jaya Jaya - Dhanyasi - Adi","Tyagaraja, M. Balamuralikrishna","indian","4","pop",FALSE
"Lust","Lil Skies","hip-hop","4","pop",FALSE
"Goodbyes (feat. Young Thug)","Post Malone, Young Thug","hip-hop","4","pop",FALSE
"Indulgence","Nora En Pure","electronic","4","pop",FALSE
"Like I Used To","Steven Weston, Låpsley","electronic","4","pop",FALSE
"Suffocation","Crystal Castles","electronic","4","pop",FALSE
"Waves (feat. Grace Tither)","BLOND:ISH, Grace Tither","electronic","4","pop",FALSE
"Conceited","Lil Uzi Vert","hip-hop","4","pop",FALSE
"Lonely","Nils Hoffmann, Rae Morris","electronic","4","pop",FALSE
"Take What You Want (feat. Ozzy Osbourne & Travis Scott)","Post Malone, Ozzy Osbourne, Travis Scott","hip-hop","4","pop",FALSE
"Hold On","Tems","ambient","4","pop",FALSE
"Ballin' (with Roddy Ricch)","Mustard, Roddy Ricch","hip-hop","4","pop",FALSE
"Suicidal","YNW Melly","hip-hop","4","pop",FALSE
"Flaws And Sins","Juice WRLD","hip-hop","4","pop",FALSE
"Up In The Clouds","Skegss","indie","4","pop",FALSE
"Down With Me","Lil Tecca","hip-hop","4","pop",FALSE
"Egyptian Sun","Francis Mercier, Kiesza","electronic","4","pop",FALSE
"Ibiza Blue","Sue Avenue","electronic","4","pop",FALSE
"soso","Omah Lay","latin","4","pop",FALSE
"La Suavecita","La Sonora Dinamita, Alvaro Pava","latin","4","pop",FALSE
"El Muñeco","Brazeros Musical De Durango","latin","4","pop",FALSE
"Salvación","Los Miticos Del Ritmo, Quantic","brazilian","4","pop",FALSE
"Circles","Post Malone","hip-hop","4","pop",FALSE
"16","Baby Keem","hip-hop","4","pop",FALSE
"Chemical","Post Malone","hip-hop","4","pop",FALSE
"LOVE ME","Nissim Black, Oryahh","world","4","pop",FALSE
"Sina","Lakwister, Aweko Brian, Moses rallo","electronic","4","pop",FALSE
"Nothing's Gonna Change My Love for You","George Benson","korean","4","pop",FALSE
"Letha","Thandi Draai, Dj Beekay","electronic","4","pop",FALSE
"La Guera Salome","Fito Olivares y Su Grupo","latin","4","pop",FALSE
"Boyfriend","YEONJUN","korean","4","pop",FALSE
"La Sabrosona","Fito Olivares","latin","4","pop",FALSE
"Stay Alive (Prod. SUGA of BTS)","Jung Kook","korean","4","pop",FALSE
"Me Fui de Vacaciones","Bad Bunny","world","4","pop",FALSE
"¿Dónde Estarás?","Raymix","latin","4","pop",FALSE
"Nunca Es Suficiente","Los Ángeles Azules, Natalia Lafourcade","world","4","pop",FALSE
"Canada - Remix","Magnito, Olamide, Wizzy Flon","arabic","4","pop",FALSE
"Topanga","Trippie Redd","hip-hop","4","pop",FALSE
"Tanta Droga","Eladio Carrion, Arcángel, De La Ghetto","latin","4","pop",FALSE
"Oil in my Head","Black Sherif","ambient","4","pop",FALSE
"Ololufe (feat. Wande Coal)","Wizkid, Wande Coal","arabic","4","pop",FALSE
"Viaje","Farruko","latin","4","pop",FALSE
"Say Yes","Loco, Punch","korean","4","pop",FALSE
"Still Rollin","Shubh","hip-hop","4","pop",FALSE
"Stay Alive (Prod. SUGA of BTS)","Jung Kook","korean","4","pop",FALSE
"Embalao","Farruko, White Star, J. Cross","latin","4","pop",FALSE
"ZONA DEL PERREO","Daddy Yankee, NATTI NATASHA, Becky G","latin","4","pop",FALSE
"MVP","Shubh","hip-hop","4","pop",FALSE
"8 ASLE","Sukha, Chani Nattan, Prodgk, Gurlez Akhtar","hip-hop","4","pop",FALSE
"King Shit","Shubh","hip-hop","4","pop",FALSE
"One Love","Shubh","hip-hop","4","pop",FALSE
"On Top","Karan Aujla","hip-hop","4","pop",FALSE
"DJ No Pare (feat. Zion, Dalex, Lenny Tavárez) - Remix","Justin Quiles, NATTI NATASHA, Farruko, Lenny Tavárez, Dalex, Zion","latin","4","pop",FALSE
"Temper Temper","Lime Cordiale","rock","4","pop",FALSE
"Fight Song","The Stanfields","punk","4","pop",FALSE
"De Museo","Bad Bunny","latin","4","pop",FALSE
"Descendants Of The Sun (Original Television Soundtrack) Pt.6 - Talk Love","K.Will","korean","4","pop",FALSE
"Move","Adam Port, Stryv, Keinemusik, Orso, Malachiii","electronic","4","pop",FALSE
"La Curiosidad (feat. Dj Nelson, JHAYCO, Lunay & Kendo Kaponi) - Blue Grand Prix Remix","Jay Wheeler, Myke Towers, Rauw Alejandro, DJ Nelson, JHAYCO, Lunay, Kendo Kaponi","latin","4","pop",FALSE
"YO VISTO ASÍ","Bad Bunny","latin","4","pop",FALSE
"Love Me Easy","ANORA, Stick Figure, Walshy Fire","reggae","4","pop",FALSE
"That's Not True","Skip Marley, Damian Marley","reggae","4","pop",FALSE
"PORFA Remix ( Feat. Maluma, Nicky Jam, Sech) - Remix","Feid, J Balvin, Maluma, Nicky Jam, Sech, Justin Quiles","latin","4","pop",FALSE
"Beso (Fruta Fresca)","Wakyin, Carlos Vives","electronic","4","pop",FALSE
"La Tóxica","Farruko","latin","4","pop",FALSE
"Starlight","TAEIL","korean","4","pop",FALSE
"Mwaki","Zerb, Sofiya Nzau","electronic","4","pop",FALSE
"MÁS DE UNA CITA","Bad Bunny, Zion & Lennox","latin","4","pop",FALSE
"Suddenly (feat. Young Jonn)","Seyi Vibez, Young Jonn","arabic","4","pop",FALSE
"Mujer Satisfecha","Zion & Lennox","latin","4","pop",FALSE
"Verde","J Balvin, Sky Rompiendo","latin","4","pop",FALSE
"Can You Feel It","Adam Hawley, Marcus Anderson","jazz","4","pop",FALSE
"Tested, Approved & Trusted","Burna Boy","ambient","4","pop",FALSE
"Sin Ti","King Chango","world","4","pop",FALSE
"Nightcall","Kavinsky","electronic","4","pop",FALSE
"Pero Ya No","Bad Bunny","latin","4","pop",FALSE
"BSOS","Mora Navarro","world","4","pop",FALSE
"Solita","Sech, Farruko, Zion & Lennox","latin","4","pop",FALSE
"Ignorantes","Bad Bunny, Sech","latin","4","pop",FALSE
"Anónimos (feat. Carla Morrison)","Los Pericos, Carla Morrison","world","4","pop",FALSE
"A Bird's Last Look","Macabre Plaza","electronic","4","pop",FALSE
"Fugaz","Connie Isla","world","4","pop",FALSE
"No Contest (Broken kick)","UJeje, UBizza Wethu","afrobeats","4","pop",FALSE
"La Playa - Remix","Myke Towers, Maluma, Farruko","latin","4","pop",FALSE
"Wami (feat. Nia Pearl)","Mas Musiq, Nia Pearl","afrobeats","4","pop",FALSE
"Shorty","Jerry Di","latin","4","pop",FALSE
"Izigqibo Zakho 2.0","Cairo CPT, Minollar","afrobeats","4","pop",FALSE
"Abathakathi","Mshayi & Mr Thela, Rhass","afrobeats","4","pop",FALSE
"CUIDAO POR AHÍ","J Balvin, Bad Bunny","latin","4","pop",FALSE
"A Dios Le Pido","Juanes","rock","4","pop",FALSE
"Es Por Ti","Juanes","rock","4","pop",FALSE
"Luz De Dia","Los Enanitos Verdes","rock","4","pop",FALSE
"Inolvidable","Reik","rock","4","pop",FALSE
"Mientes","Camila","rock","4","pop",FALSE
"maple maple","baba bonet","hip-hop","4","pop",FALSE
"Fotografía","Juanes, Nelly Furtado","rock","4","pop",FALSE
"Practice","GBM Nutron","soca","4","pop",FALSE
"Runaway","Mical Teja","soca","4","pop",FALSE
"Nada Valgo Sin Tu Amor","Juanes","rock","4","pop",FALSE
"Soca Soca","MC Mazzie, DJ CARAI","brazilian","4","pop",FALSE
"Atmosphere","Crying Day Care Choir","folk","4","pop",FALSE
"For What We Love","Gunnhild Sundli, Ski-VM Trondheim 2025","folk","4","pop",FALSE
"Como te extraño mi amor","Café Tacvba","rock","4","pop",FALSE
"Devuélveme a mi chica","Hombres G","rock","4","pop",FALSE
"Tokyo Lights","Shuko, FLKS","jazz","4","pop",FALSE
"Holy Spirit","Sunmisola Agbebi","gospel","4","pop",FALSE
"Clavado en Un Bar","Maná","rock","4","pop",FALSE
"Chammak Challo","Akon, Hamsika Iyer","indian","4","pop",FALSE
"Proper Patola","Badshah, Diljit Dosanjh, Aastha Gill","indian","4","pop",FALSE
"Papaoutai","Stromae","electronic","4","pop",FALSE
"Djadja","Aya Nakamura","electronic","4","pop",FALSE
"Je veux","Zaz","electronic","4","pop",FALSE
"Alors on danse - Radio Edit","Stromae","electronic","4","pop",FALSE
"Worthy of My Praise","Dunsin Oyekan, Lawrence Oyor","gospel","4","pop",FALSE
"Voyage voyage","Desireless","electronic","4","pop",FALSE
"Look what you've done","Greatman Takit","gospel","4","pop",FALSE
"Yeshua - Live","Jesus Image","gospel","4","pop",FALSE
"Formidable","Stromae","electronic","4","pop",FALSE
"Gratitude","Anendlessocean","gospel","4","pop",FALSE
"Seya","SativaMusic, Morad, GIMS","electronic","4","pop",FALSE
"Tous les mêmes","Stromae","electronic","4","pop",FALSE
"Labios Compartidos","Maná","rock","4","pop",FALSE
"Solitaire","Werenoi","electronic","4","pop",FALSE
"Imagine","Carbonne","electronic","4","pop",FALSE
"Turn It Up / No Longer a Slave / Made a Way / Ekwueme (Medley) [Live]","Big Bolaji","gospel","4","pop",FALSE
"Bumbum granada","MC's Zaac, Jerry Smith","brazilian","4","pop",FALSE
"Altar (Hosanna)","Oba Reengy, Limoblaze, Gaise Baba","gospel","4","pop",FALSE
"Tieduprightnow","Parcels","indie","4","pop",FALSE
"Borderline","Tame Impala","indie","4","pop",FALSE
"Oysters In My Pocket","Royel Otis","indie","4","pop",FALSE
"Is It True","Tame Impala","indie","4","pop",FALSE
"KU LO SA - A COLORS SHOW","Oxlade","latin","4","pop",FALSE
"Calm Down","Rema","latin","4","pop",FALSE
"Rush","Ayra Starr","latin","4","pop",FALSE
"Cumbia Sobre el Mar","Quantic, Flowering Inferno","brazilian","4","pop",FALSE
"OLÙGBÈJÀ","Veekee James, Shallom Matthew, OBA","gospel","4","pop",FALSE
"I Get Backing","Victoria Orenze","gospel","4","pop",FALSE
"UNAVAILABLE (feat. Musa Keys)","Davido, Musa Keys","latin","4","pop",FALSE
"People","Libianca","latin","4","pop",FALSE
"Lut Gaye","Jubin Nautiyal, Emraan Hashmi","indian","4","pop",FALSE
"KANTE (feat. Fave)","Davido, FAVE","latin","4","pop",FALSE
"Daaku","Young Stunners, Bohemia","hip-hop","4","pop",FALSE
"Kafamın İçi","Ebru Yaşar, Siyam, Zeyd","turkish","4","pop",FALSE
"Fortunate Son","Creedence Clearwater Revival","rock","4","pop",FALSE
"Cumbia Sobre el Mar - El Búho Remix","El Búho, Quantic","brazilian","4","pop",FALSE
"Inmortales (Body Move) - El Búho Remix","Nickodemus, Fémina, El Búho","brazilian","4","pop",FALSE
"GÜZEL VE İDDİALI","BLOK3","turkish","4","pop",FALSE
"I'll Be Missing You (feat. Faith Evans & 112) - 2014 Remaster","Diddy, 112, Faith Evans","hip-hop","4","pop",FALSE
"Brighter","Zusha","world","4","pop",FALSE
"Ani Maamin","TAI","world","4","pop",FALSE
"נקודות","שמואל","world","4","pop",FALSE
"Equinoccio (feat. Huaira)","Nicola Cruz, Huaira","brazilian","4","pop",FALSE
"Before I Go","DJ Kraz, Isaac Ben","world","4","pop",FALSE
"Ocean Lights","George Knight","rock","4","pop",FALSE
"I Feel","Beka O","rock","4","pop",FALSE
"Forró Do Embolaxado","As Galvão","brazilian","4","pop",FALSE
"Happiness (feat. Asake & Gunna)","Sarz, Asake, Gunna","arabic","4","pop",FALSE
"Timeless","Byron Juane, Kenyon Dixon","soul","4","pop",FALSE
"Wahala","Naira Marley","arabic","4","pop",FALSE
"Foguete","Mariana Aydar","brazilian","4","pop",FALSE
"Ein Od Milvado","Mordechai Shapiro","world","4","pop",FALSE
"Maple Syrup","The Backseat Lovers","rock","4","pop",FALSE
"Diamonds","Wizkid","arabic","4","pop",FALSE
"Glad You Came","Mario","soul","4","pop",FALSE
"Baile de Luxo","Os Fulano","brazilian","4","pop",FALSE
"Tzur","Matt Dubb","world","4","pop",FALSE
"Wet Dream","Wet Leg","rock","4","pop",FALSE
"Yesh Kan","Mendy Piamenta","world","4","pop",FALSE
"Mexe pra Gente Ver","Quininho De Valente","brazilian","4","pop",FALSE
"Tonelada de Forró","Trio Alvorada","brazilian","4","pop",FALSE
"Arrive On St. Patrick's Day","Sir Reg","punk","4","pop",FALSE
"Salty Dog","Flogging Molly","punk","4","pop",FALSE
"A Fistful O' Roses","The Rumjacks","punk","4","pop",FALSE
"Forró do Benedito","Trio Caeté","brazilian","4","pop",FALSE
"Run Run","ECLIPSE","korean","4","pop",FALSE
"Shake It Out","Florence + The Machine","rock","4","pop",FALSE
"La Belle De Jour","Alceu Valença","brazilian","4","pop",FALSE
"Cheer Up Love (Worse Things Happen at Sea), Pt. 3","Smokey Bastard","punk","4","pop",FALSE
"How To Fly","Sticky Fingers","reggae","4","pop",FALSE
"Smokin' Love (with Collie Buddz)","Stick Figure, Collie Buddz","reggae","4","pop",FALSE
"Doin' Time","Sublime","reggae","4","pop",FALSE
"Don't Stop","Lenni Kim","electronic","4","pop",FALSE
"Gimme Bass","Outsiders","electronic","4","pop",FALSE
"Beijo Matador","Forró Bemtivi","brazilian","4","pop",FALSE
"This Joint","Slightly Stoopid","reggae","4","pop",FALSE
"Warning (feat. Stick Figure)","Pepper, Stick Figure","reggae","4","pop",FALSE
"Feeling Good","Dirty Heads","reggae","4","pop",FALSE
"Girl In The Red Dress","Gregg Karukas","jazz","4","pop",FALSE
"World on Fire (feat. Slightly Stoopid)","Stick Figure, Slightly Stoopid","reggae","4","pop",FALSE
"Boa Sorte / Good Luck (feat. Ben Harper)","Vanessa Da Mata, Ben Harper","brazilian","4","pop",FALSE
"Forró no Malagueta","Forroçacana","brazilian","4","pop",FALSE
"That's You","Lucky Daye","soul","4","pop",FALSE
"Neon Blades","c152","electronic","4","pop",FALSE
"El Sabroson","Poncho Sanchez","jazz","4","pop",FALSE
"Adios Guajira","Jesús Alejandro El Niño","jazz","4","pop",FALSE
"Don't Sleep (feat. Thundercat)","Victoria Monét, Thundercat","soul","4","pop",FALSE
"La Melodía","Putumayo, Guaschara","jazz","4","pop",FALSE
"2 Much","Qendresa","soul","4","pop",FALSE
"Bend","Wizkid","afrobeats","4","pop",FALSE
"Eu Só Quero Um Xodó","Bicho de Pé","brazilian","4","pop",FALSE
"Chan Chan","Armando Garzon","jazz","4","pop",FALSE
"You Read My Mind","David Benoit","jazz","4","pop",FALSE
"Elevation","Jackiem Joyner","jazz","4","pop",FALSE
"OZEBA","Rema","afrobeats","4","pop",FALSE
"Meu Cenario","Circulando De Fulo","brazilian","4","pop",FALSE
"Super Gremlin","Kodak Black","hip-hop","4","pop",FALSE
"OverSeas","Nosy!","hip-hop","4","pop",FALSE
"Autumn Day","Peter White","jazz","4","pop",FALSE
"sharktale","Sopperior","hip-hop","4","pop",FALSE
"Tshwala Bam (feat. S.N.E)","TitoM, Yuppe, Burna Boy, S.N.E","afrobeats","4","pop",FALSE
"Mr. Groove","Euge Groove","jazz","4","pop",FALSE
"ma thousand","Musa Keys","afrobeats","4","pop",FALSE
"the garden","unpeople","rock","4","pop",FALSE
"Pitch Black","The Amazons","rock","4","pop",FALSE
"Sunrise","Tab Benoit","world","4","pop",FALSE
"Other Side","AVAION, BUNT.","electronic","4","pop",FALSE
"Vibrator","Travis Matte And The Zydeco Kingpins","world","4","pop",FALSE
"Static","2JtheRichest","hip-hop","4","pop",FALSE
"My Toot Toot","Rockin' Sidney","world","4","pop",FALSE
"Damla","Hande Yener","turkish","4","pop",FALSE
"Beast Of Burden","Buckwheat Zydeco","world","4","pop",FALSE
"LOST IN PARADISE","ALI, AKLO","j-pop","4","pop",FALSE
"Groupies","Doode, Teto, Matuê","hip-hop","4","pop",FALSE
"Down with the Sickness","Disturbed","metal","4","pop",FALSE
"WAHALA (feat. Olamide)","CKay, Olamide","afrobeats","4","pop",FALSE
"Hellraiser - 30th Anniversary Edition","Ozzy Osbourne, Lemmy, Motörhead","metal","4","pop",FALSE
"Hold This Memory","Deepend, Madism","electronic","4","pop",FALSE
"Emorio","Trinix, Fafá de Belém","electronic","4","pop",FALSE
"Tshwala Bam (feat. S.N.E)","TitoM, Yuppe, Burna Boy, S.N.E","afrobeats","4","pop",FALSE
"Satanana (feat. DRE-A)","EBOLOKO, DRE-A","afrobeats","4","pop",FALSE
"Cool Kids","Toby Rose, TWOPILOTS","electronic","4","pop",FALSE
"Wait and Bleed","Slipknot","metal","4","pop",FALSE
"La Zingara","Cafe Accordion Orchestra","world","4","pop",FALSE
"La vie d'un... / Ma préférée","Dadju, Tayc","afrobeats","4","pop",FALSE
"Toma Toma","Ruger, Tiwa Savage","afrobeats","4","pop",FALSE
"Sunbeams","NSH","electronic","4","pop",FALSE
"CORAÇAO - 20th Anniversary Mix","Jerry Ropero, HUGEL, Mijangos, Jesús Fernández","electronic","4","pop",FALSE
"La Bala","Calle 13","latin","4","pop",FALSE
"Latinoamérica (feat. Totó la Momposina, Susana Baca & Maria Rita)","Calle 13, Totó La Momposina, Susana Baca, Maria Rita","latin","4","pop",FALSE
"La Verdolaga (feat. Totó La Momposina)","HUGEL, Totó La Momposina","electronic","4","pop",FALSE
"Gorah","Nitefreak, Emmanuel Jal","electronic","4","pop",FALSE
"House Of Cards","Lucas Estrada, Deepend, Dan Caplen","electronic","4","pop",FALSE
"King","TWOPILOTS","electronic","4","pop",FALSE
"Nothing On Me","Maz, APACHE (FR), MAXI MERAKI, Tabia","electronic","4","pop",FALSE
"1977","Ana Tijoux","latin","4","pop",FALSE
"Covered By The Clouds","NSH","electronic","4","pop",FALSE
"Baiana - Radio Edit","Space Motion","electronic","4","pop",FALSE
"Hey Hey - Jack Back Remix","Dennis Ferrer, Jack Back, David Guetta","electronic","4","pop",FALSE
"Ode Ireti - Nitefreak Remix","&friends, Nitefreak, eL-Jay, Oluwadamvic","electronic","4","pop",FALSE
"Coca Cola (From ""Luka Chuppi"")","Tony Kakkar, Neha Kakkar, Young Desi, Tanishk Bagchi","indian","4","pop",FALSE
"Cruel Summer (Marcus Layton Edit)","LAUWE, Marcus Layton","electronic","4","pop",FALSE
"I'll Be There","ConKi, Magnus Gunn","electronic","4","pop",FALSE
"Knockin' On Heaven's Door","Nexeri, Tara Louise","electronic","4","pop",FALSE
"Milkshake","PLÜM","electronic","4","pop",FALSE
"Somebody’s Watching Me","ItsArius, Lynnic, Dinia","electronic","4","pop",FALSE
"Show Me Love - EDX Remix / Radio Edit","Sam Feldt, Kimberly Anne, EDX","electronic","4","pop",FALSE
"Would I Lie To You","Thierry Von Der Warth, YKATI","electronic","4","pop",FALSE
"Sakhiyan2.0","Maninder Buttar, Zahrah S Khan, Tanishk Bagchi","indian","4","pop",FALSE
"Ranjha (From ""Shershaah"")","Jasleen Royal, B Praak, Romy, Anvita Dutt","indian","4","pop",FALSE
"Kibir","Tuna Taşkın","turkish","4","pop",FALSE
"Tombstone","Ocean Alley","indie","4","pop",FALSE
"Cennet","Reynmen","turkish","4","pop",FALSE
"Not Giving In","Broken Colours","rock","4","pop",FALSE
"TECHNICIAN (feat. Blaqbonez & Lekaa Beats)","ODUMODUBLVCK, Blaqbonez, Lekaa Beats","ambient","4","pop",FALSE
"Tek Başıma","Semicenk","turkish","4","pop",FALSE
"Another Love","Rolipso, Foínix, Jordan Grace","electronic","4","pop",FALSE
"Better Weather","Jay Statham","rock","4","pop",FALSE
"El Hijo De Tuta","La Chanchona De Tito Mira","latin","4","pop",FALSE
"Mix Aniceto 2000: Josefina / La Loca / La Brujita","Los Francos","latin","4","pop",FALSE
"I Saw You Cry","Feet down Below","rock","4","pop",FALSE
"Tavrına Hayran","Reynmen, Bilal Sonses","turkish","4","pop",FALSE
"To Feel The Sun","The Scarlet Goodbye","rock","4","pop",FALSE
"Pieces","The Juice","rock","4","pop",FALSE
"1994","Hamza","electronic","4","pop",FALSE
"Nomvula (feat. Nia Pearl & Bontle Smith)","Citizen Deep, Nia Pearl, Bontle Smith","electronic","4","pop",FALSE
"Fin De Semana","Fito Olivares","latin","4","pop",FALSE
"V.","DIAMØND SNAKE","rock","4","pop",FALSE
"I Get Around","2Pac, Digital Underground","hip-hop","4","pop",FALSE
"Lisztomania","Phoenix","rock","4","pop",FALSE
"Désolé","Sexion d'Assaut","electronic","4","pop",FALSE
"Breezeblocks","alt-J","rock","4","pop",FALSE
"ROCKMAN","Mk.gee","rock","4","pop",FALSE
"Jag Kan Inte Dansa","Rymdpojken","pop","4","pop",TRUE
"Murder on the Dance Floor - triple j Like A Version","Royel Otis","rock","4","pop",FALSE
"My Type","Saint Motel","rock","4","pop",FALSE
"Pixie's Parasol","Smith & Thell","pop","4","pop",TRUE
"Alesis","Mk.gee","rock","4","pop",FALSE
"Ana","Matt Dubb, Itzik Dadya","world","4","pop",FALSE
"Lost In Yesterday","Tame Impala","rock","4","pop",FALSE
"Kyoto","Phoebe Bridgers","rock","4","pop",FALSE
"Retroshade","KoruSe, mzmff","electronic","4","pop",FALSE
"La La Land","Arimasen, FORBIDDEN","electronic","4","pop",FALSE
"So Cold","Balu Brigada","rock","4","pop",FALSE
"She Wants To Go Dancing","Mt. Joy","rock","4","pop",FALSE
"Moonlight Shadow","W&W, Groove Coverage","electronic","4","pop",FALSE
"Friends","Mordechai Shapiro","world","4","pop",FALSE
"I USED TO (feat. Baby Rose)","Leon Thomas, Baby Rose","soul","4","pop",FALSE
"Here It Goes Again","OK Go","rock","4","pop",FALSE
"Nack Nostalgia","Royel Otis","rock","4","pop",FALSE
"Purple Wind","c152","electronic","4","pop",FALSE
"Think Fast (feat. Weezer)","Dominic Fike, Weezer","rock","4","pop",FALSE
"Nothingness","LORD CHAOS!, NTPV","electronic","4","pop",FALSE
"Você Não Entende Nada","Gal Costa","brazilian","4","pop",FALSE
"Smoke","Ari Lennox","soul","4","pop",FALSE
"Illusions","c152","electronic","4","pop",FALSE
"Skywalker","c152, Arimasen, KoruSe","electronic","4","pop",FALSE
"1901","Phoenix","rock","4","pop",FALSE
"Rawnald Gregory Erickson the Second","STRFKR","rock","4","pop",FALSE
"Osmosis","Good Kid","rock","4","pop",FALSE
"Trip to Valhalla","Dr. Peacock","electronic","4","pop",FALSE
"Le chant des sirènes","Fréro Delavega","electronic","4","pop",FALSE
"GO STUPID","Sickmode","electronic","4","pop",FALSE
"Memory Lane","KoruSe, stellar","electronic","4","pop",FALSE
"Lo Que Hoy Quieras","Koino Yokan","world","4","pop",FALSE
"Nightlight","ILLENIUM, Annika Wells","electronic","4","pop",FALSE
"Say My Name","ODESZA, Zyra","electronic","4","pop",FALSE
"初戀","Samantha Lam","cantopop","4","pop",FALSE
"Bad Girl (feat. Asake)","Wizkid, Asake","ambient","4","pop",FALSE
"P A S C O M M E Ç A","Tayc, Tiakola","electronic","4","pop",FALSE
"We Must","Kizz Daniel, Thyself","ambient","4","pop",FALSE
"Santorini","Seyi Vibez","ambient","4","pop",FALSE
"U Know","Cupido","latin","4","pop",FALSE
"No Sabes Mentir","Cupido","latin","4","pop",FALSE
"Light","San Holo","electronic","4","pop",FALSE
"Paint the Sky","DJ Fluke, Nikita Afonso","electronic","4","pop",FALSE
"Last To Leave (feat. Caroline Ailin)","Louis The Child, Caroline Ailin","electronic","4","pop",FALSE
"I Swear","Asake","ambient","4","pop",FALSE
"High","FL","latin","4","pop",FALSE
"Palermo","Above & Beyond, PROFF","electronic","4","pop",FALSE
"Been So Long","Neon Vectors, Macross 82-99","funk","4","pop",FALSE
"Saturday Morning","Rules","electronic","4","pop",FALSE
"Buga (Lo Lo Lo)","Kizz Daniel, Tekno","latin","4","pop",FALSE
"COMO UN BEBÉ","J Balvin, Bad Bunny, Mr Eazi","latin","4","pop",FALSE
"Por Ti","Lucía Fernanda, Rocco S","latin","4","pop",FALSE
"Hiding","Ben Böhmer, Lykke Li","electronic","4","pop",FALSE
"Felt (feat. Henry Green)","Christian Löffler, Henry Green","electronic","4","pop",FALSE
"TOMA TOMA TOMA","$werve, TOKYOSLEEP, Mc Gw","brazilian","4","pop",FALSE
"Workout","Kes, Nailah Blackman","soca","4","pop",FALSE
"Spring Embers","Nora En Pure","electronic","4","pop",FALSE
"Soleil","Roméo Elvis","electronic","4","pop",FALSE
"Lucky You","Linda Sundblad","pop","4","pop",TRUE
"There's Something","Neon Vectors, Macross 82-99, Vantage","funk","4","pop",FALSE
"New Romantic (feat. Maki Nomiya)","Night Tempo, Maki Nomiya","funk","4","pop",FALSE
"OVAMI","Oxlade, Flavour","ambient","4","pop",FALSE
"I Had a Dream","LANE","latin","4","pop",FALSE
"A Million Years","Mariette","pop","4","pop",TRUE
"Nu Diskette","DUCAT","funk","4","pop",FALSE
"Burn","LIAMOO","pop","4","pop",TRUE
"Green Path","Rhodes Rodosu","funk","4","pop",FALSE
"Fun Tonight","Macross 82-99","funk","4","pop",FALSE
"50//50 - Edit","Vantage","funk","4","pop",FALSE
"Lovesick (feat. Liza Owen)","SJUR, Liza Owen","pop","4","pop",TRUE
"Strongest","Ina Wroldsen","pop","4","pop",TRUE
"City Nightlife - Original Mix","architecture in tokyo, Macross 82-99","funk","4","pop",FALSE
"Bad Vibes (feat. Seyi Vibez)","Ayra Starr, Seyi Vibez","ambient","4","pop",FALSE
"Et même après je t'aimerai","Hoshi","electronic","4","pop",FALSE
"Girasoles De Van Gogh","Cometta","latin","4","pop",FALSE
"All Night Long","Marsh","electronic","4","pop",FALSE
"SimpsonWave1995","FrankJavCee","electronic","4","pop",FALSE
"Médicament","Niska, Booba","electronic","4","pop",FALSE
"Falling Apart","Catching Flies","electronic","4","pop",FALSE
"I Can Make It","CRi","electronic","4","pop",FALSE
"Buga","Show Dem Camp, The Cavemen., Tim Lyre, Nsikak David","ambient","4","pop",FALSE
"Tu Empinou Ele Pei","Xandy Almeida, Mc Delux","brazilian","4","pop",FALSE
"Aguaceros","Vale","latin","4","pop",FALSE
"Hiding - HÜMAN Remix","AVAION, HÜMAN","electronic","4","pop",FALSE
"Kalaharana - Atana - Adi","Tyagaraja, M. Balamuralikrishna","indian","4","pop",FALSE
"Sueño (con Pablo Alborán)","Beret, Pablo Alborán","latin","4","pop",FALSE
"Whine","Asake, LUDMILLA","ambient","4","pop",FALSE
"Used to Be in Love","The Jungle Giants","indie","4","pop",FALSE
"APALA DISCO (feat. Wizkid, Seyi Vibez & Terry Apala) - Remix","DJ Tunez, Wizkid, Seyi Vibez, Terry Apala","ambient","4","pop",FALSE
"Sofa King","Royel Otis","indie","4","pop",FALSE
"Yellow Mellow","Ocean Alley","indie","4","pop",FALSE
"Sunrise Song","Luttrell","electronic","4","pop",FALSE
"6PM EN MALLORCA","Eladio Carrion","latin","4","pop",FALSE
"Sunbleached Girl","Shag Rock","indie","4","pop",FALSE
"Call My Name","Franky Wah, Rae Morris","electronic","4","pop",FALSE
"American Love","Qing Madi","ambient","4","pop",FALSE
"Australia Street","Sticky Fingers","indie","4","pop",FALSE
"Al Margen de Ojalá","Andrés Iwasaki","latin","4","pop",FALSE
"WAHALA (feat. Olamide)","CKay, Olamide","ambient","4","pop",FALSE
"Forró da Casa Grande","Forro In The Dark","brazilian","4","pop",FALSE
"Lech Lecha (K3LZ Remix)","K3LZ, Eli Levin","world","4","pop",FALSE
"Sabiá","Forro In The Dark","brazilian","4","pop",FALSE
"Do I - Remix","Phyno, Burna Boy","arabic","4","pop",FALSE
"Bartender (feat. Akon)","T-Pain, Akon","blues","4","pop",FALSE
"PA' LA VUELTA","Eladio Carrion, Morad","latin","4","pop",FALSE
"Por cuánto me lo das","Los Tigrillos","latin","4","pop",FALSE
"Eimosai (K3LZ Remix)","Danny Palgon, K3LZ","world","4","pop",FALSE
"Over You","Madism, Philip Strand","electronic","4","pop",FALSE
"Verdadero","Marc Seguí","latin","4","pop",FALSE
"La 2Da. De Niña","Aaron Y Su Grupo Ilusion","latin","4","pop",FALSE
"La Negra Caderona","Aniceto Molina","latin","4","pop",FALSE
"menta","daniel sabater, KICKBOMBO","latin","4","pop",FALSE
"Juana La Cubana","Fito Olivares y Su Grupo","latin","4","pop",FALSE
"Sound of Your Summer - SUPER-Hi Remix","Quarry, SUPER-Hi","electronic","4","pop",FALSE
"This D.J.","Warren G, O.G.L.B.","hip-hop","4","pop",FALSE
"Oye Mujer","Raymix","latin","4","pop",FALSE
"Udokotela","Muzari","electronic","4","pop",FALSE
"Primer Beso","Raymix","latin","4","pop",FALSE
"Sur ma route","Black M","electronic","4","pop",FALSE
"High Tension","Shallipopi","ambient","4","pop",FALSE
"End of the Tunnel","A.Y. Bouzaglou","world","4","pop",FALSE
"Not Today (Dear Yetzer Hara)","TAI","world","4","pop",FALSE
"Ad Matai (Blue)","iZZy D JaY","world","4","pop",FALSE
"Zuzulakate","Mr Eazi, Joeboy","ambient","4","pop",FALSE
"LEON EDWARDS","Snowy, LVNDLXRD","hip-hop","4","pop",FALSE
"Bad To Me","Wizkid","arabic","4","pop",FALSE
"Lonely In A Crowd (feat. Joakim Berg)","Miriam Bryant, Joakim Berg","pop","4","pop",TRUE
"Lowkey!","Mayorkun","arabic","4","pop",FALSE
"This Year","P Money, Silencer, Tobi","hip-hop","4","pop",FALSE
"Sabe","Nicki Nicole, Rauw Alejandro","latin","4","pop",FALSE
"Lambo","Farruko","latin","4","pop",FALSE
"Vestido","J Balvin","latin","4","pop",FALSE
"Obsessed With You","Central Cee","hip-hop","4","pop",FALSE
"Different Pattern","Seyi Vibez","arabic","4","pop",FALSE
"MAMI WATA","Gazo, Tiakola","hip-hop","4","pop",FALSE
"Paradis","Panache!","electronic","4","pop",FALSE
"Made For Me (with Mariah Carey)","Muni Long, Mariah Carey","soul","4","pop",FALSE
"time waits","Glitter Party","pop","4","pop",TRUE
"6 For 6","Central Cee","hip-hop","4","pop",FALSE
"SOS (Sex on Sight) (feat. USHER)","Victoria Monét, USHER","soul","4","pop",FALSE
"Promises","Cleo Sol","soul","4","pop",FALSE
"intensément","AMO","hip-hop","4","pop",FALSE
"Everyone","Grandi","pop","4","pop",TRUE
"Esperando na janela","Gilberto Gil","brazilian","4","pop",FALSE
"Hodu","Danny Palgon","world","4","pop",FALSE
"Anaranjado","Jowell & Randy, J Balvin","latin","4","pop",FALSE
"Matilde","Forroçacana","brazilian","4","pop",FALSE
"Caramelo","Ozuna","latin","4","pop",FALSE
"Streatham","Dave","hip-hop","4","pop",FALSE
"Tus Ojos","Los Cafres","world","4","pop",FALSE
"Táxi Lunar","Geraldo Azevedo","brazilian","4","pop",FALSE
"On Form","Burna Boy","ambient","4","pop",FALSE
"Cool with You","Her's","pop","4","pop",TRUE
"Something We Can Make Love To","Eric Benét, Tamar Braxton","soul","4","pop",FALSE
"That's What I Love","Leon Bridges","soul","4","pop",FALSE
"Izinto Zam","Jabs CPT, Sangzin","afrobeats","4","pop",FALSE
"Buya Nini","Mr Thela, Peace","afrobeats","4","pop",FALSE
"Casi q' me pierdo","Los Cafres","world","4","pop",FALSE
"La Zona","Bad Bunny","latin","4","pop",FALSE
"What's Up My G","Asake","arabic","4","pop",FALSE
"Shayi'Moto (feat. Seemah & Yanda Woods)","Mellow & Sleazy, Scotts Maphuma, Mr Pilato, Seemah, Yanda Woods","afrobeats","4","pop",FALSE
"Morado","J Balvin","latin","4","pop",FALSE
"BLOOD ON THE DANCE FLOOR (feat. Bloody Civilian and Wale)","ODUMODUBLVCK, Bloody Civilian, Wale","ambient","4","pop",FALSE
"Fuego","Ozuna","latin","4","pop",FALSE
"Ijo (Laba Laba)","Crayon","latin","4","pop",FALSE
"Rush","Ayra Starr","latin","4","pop",FALSE
"Regret (feat. 2Baba)","Bnxn, 2Baba","ambient","4","pop",FALSE
"O Sol, A Lis, E O Beija-Flor","Circulando De Fulo","brazilian","4","pop",FALSE
"PALAZZO","SPINALL, Asake","latin","4","pop",FALSE
"Ebelebe (feat. Wizkid)","Wande Coal, Wizkid","arabic","4","pop",FALSE
"Dystopia","ONE OK ROCK","rock","4","pop",FALSE
"Kül Kedisi","Bengü","turkish","4","pop",FALSE
"Otro Trago - Remix","Sech, Ozuna, Anuel AA, Darell, Nicky Jam","latin","4","pop",FALSE
"Ndincede","Bee DeeJay, Rhass, Mshayi, Mr Thela","afrobeats","4","pop",FALSE
"Soltera (Remix)","Lunay, Daddy Yankee, Bad Bunny","latin","4","pop",FALSE
"Hey-Ha","Uzi Bodner","world","4","pop",FALSE
"炎","LiSA","j-pop","4","pop",FALSE
"Montagem Orquestra Sinfônica","DJ TENEBROSO ORIGINAL, Mc Danflin","brazilian","4","pop",FALSE
"Peru","Fireboy DML","latin","4","pop",FALSE
"Remember","Asake","arabic","4","pop",FALSE
"Ele Te Bota Soca Soca","MC Mazzie, Mc Rd, DJ NpcSize, DJ Wizard","brazilian","4","pop",FALSE
"Ginger (feat. Burna Boy)","Wizkid, Burna Boy","latin","4","pop",FALSE
"Sua amiga deu","MC Levin","brazilian","4","pop",FALSE
"Joga Essa Rabeta","MC Teuzin PV, MC Skcot","brazilian","4","pop",FALSE
"Holiday","Problem Child, Jus Jay King, Nelieux","soca","4","pop",FALSE
"Shibebe","Olamide, Fireboy DML","ambient","4","pop",FALSE
"Mr. Fete","Machel Montano","soca","4","pop",FALSE
"Wotless","Kes","soca","4","pop",FALSE
"Feels Good - Carrots & Beets","Electra","disco","4","pop",FALSE
"Stop","B.W.H.","disco","4","pop",FALSE
"Saka Saka Saka","MC Mazzie, DJ NpcSize, DJ Wizard","brazilian","4","pop",FALSE
"Stranger in a Strange Land - Club Mix 1983","N.O.I.A.","disco","4","pop",FALSE
"Robot Is Systematic (Vocal Version)","Lectric Workers","disco","4","pop",FALSE
"Sexy Films - Vocal","Kroma","disco","4","pop",FALSE
"Ma quale idea","Pino D'Angiò","disco","4","pop",FALSE
"Take A Chance - Original Mix","Mr. Flagio","disco","4","pop",FALSE
"On and On (Fears Keep On) - Italoconnection Mix","Decadance, Italoconnection","disco","4","pop",FALSE
"Lamento Boliviano","Los Enanitos Verdes","rock","4","pop",FALSE
"Amores Lejanos","Los Enanitos Verdes","rock","4","pop",FALSE
"Tu Hablas Espanhol","Mc Delux, DJ Guih Da ZO","brazilian","4","pop",FALSE
"Bésame","Camila","rock","4","pop",FALSE
"La Paga","Juanes","rock","4","pop",FALSE
"Sana İhtiyacım Var","Olga Napoli, Mustafa Sandal","turkish","4","pop",FALSE
"PRAYER (ADURA)","Biola Yakubu","gospel","4","pop",FALSE
"Bendita Tu Luz","Maná, Juan Luis Guerra 4.40","rock","4","pop",FALSE
"Amor Clandestino","Maná","rock","4","pop",FALSE
"Formosa","Kaio Viana, MC CJ","brazilian","4","pop",FALSE
"Gbona","Meeza, Zinoleesky","arabic","4","pop",FALSE
"VAI DJ NPC SOCA COM VONTADE / MACHUCA MACHUCA","DJ NpcSize, Mc Larissa","brazilian","4","pop",FALSE
"A X3R3CA DELA É BOA","Mc Delux, DJ Guilherme","brazilian","4","pop",FALSE
"Sua amiga vou sarrar","MC Levin","brazilian","4","pop",FALSE
"Cityboiz","Feranbanks, Zinoleesky","arabic","4","pop",FALSE
"Nuivunga - GFD Collective","Jens Kleist, JASMIN, Da Bartali Crew","world","4","pop",FALSE
"Big God","Tim Godfrey, Fearless Community, Anderson","gospel","4","pop",FALSE
"Montagem - Conga Conga (Slowed + Reverb)","DJ RAMON SP","brazilian","4","pop",FALSE
"uduli 跳一波","ABAO阿爆","world","4","pop",FALSE
"Nanny Riddim","Juls","ambient","4","pop",FALSE
"Forró pela Manhã","Hermeto Pascoal","brazilian","4","pop",FALSE
"Emta Njawzak Yamma","DAM","world","4","pop",FALSE
"Asa Branca","Forro In The Dark, Daivd Byrne","brazilian","4","pop",FALSE
"I Was Here","Beyoncé","blues","4","pop",FALSE
"Alucin - Versión Francés","Eugenio Esquivel, Dele GT, Los Esquivel, Sebastian Esquivel","electronic","4","pop",FALSE
"Like U Used To","Eric Saade","pop","4","pop",TRUE
"Hayat Oyunu","Hadise","turkish","4","pop",FALSE
"Kumama Papa","Grace Lokwa, Moses Bliss, Prinx Emmanuel","gospel","4","pop",FALSE
"Vampiro Sabanero","Los Miticos Del Ritmo, Quantic","brazilian","4","pop",FALSE
"FOR THE ROAD","Davido","ambient","4","pop",FALSE
"Big Pimpin'","JAY-Z, UGK","hip-hop","4","pop",FALSE
"Nomathemba - Enoo Napa Remix","FiNE, Lizwi, Enoo Napa","electronic","4","pop",FALSE
"Je veux","Zaz","electronic","4","pop",FALSE
"Jump","Kris Kross","hip-hop","4","pop",FALSE
"Fruen fra havet","Zupermaria","pop","4","pop",TRUE
"Tha Crossroads","Bone Thugs-N-Harmony","hip-hop","4","pop",FALSE
"Metro","Hotkeed, Yo X","arabic","4","pop",FALSE
"Diamonds","Wizkid","ambient","4","pop",FALSE
"()vȯ)) ̷̨ʅ(۝ʅ(Ɵʅ():::()̵̳̗̊(Ɵʅ()vȯ)) ̷̨ʅ","⣎⡇ꉺლ༽இ•̛)ྀ◞ ༎ຶ ༽ৣৢ؞ৢ؞ؖ ꉺლ","electronic","4","pop",FALSE
"Ramenez la coupe à la maison","Vegedream","electronic","4","pop",FALSE
"Ki Hu Levado","Yossi Newman, Aryeh Barnett","world","4","pop",FALSE
"SCREAM","Nissim Black","world","4","pop",FALSE
"POE","Ruger, Bnxn","ambient","4","pop",FALSE
"Condução","Mariana Aydar","brazilian","4","pop",FALSE
"The Orient Is Calling","Heiko Streicher, Stefan Heinz","arabic","4","pop",FALSE
"Flyg Fula Fluga Flyg","Hanna Ferm","pop","4","pop",TRUE
"Burning Heart - From ""Rocky IV"" Soundtrack","Survivor","rock","4","pop",FALSE
"Me Embelezo","Xaxado Novo, Bruno Duarte","brazilian","4","pop",FALSE
"Yom Yom","Dovid Lowy","world","4","pop",FALSE
"Deep In Your Love","Alok, Bebe Rexha","electronic","4","pop",FALSE
"Menina Mulher da Pele Preta","Forroçacana","brazilian","4","pop",FALSE
"Sing it back","Rebecca & Fiona","pop","4","pop",TRUE
"Sensations","Jul","hip-hop","4","pop",FALSE
"NOTRE DAME","Gazo, Tiakola","hip-hop","4","pop",FALSE
"Egwu","Chike, Mohbad","arabic","4","pop",FALSE
"HiYA","Ray Lozano","soul","4","pop",FALSE
"God Gave Me Feet For Dancing (feat. Yazmin Lacey)","Ezra Collective, Yazmin Lacey","soul","4","pop",FALSE
"Forró Perigoso","Diego Oliveira","brazilian","4","pop",FALSE
"Like A Dream","MINNIE","korean","4","pop",FALSE
"APALA DISCO","DJ Tunez, Terry Apala","ambient","4","pop",FALSE
"J'fais plaisir à la zone","Jul, SDM","hip-hop","4","pop",FALSE
"La recette","Slimane","electronic","4","pop",FALSE
"Onde Está Você","Elba Ramalho, Dominguinhos","brazilian","4","pop",FALSE
"La pluie (feat. Stromae)","Orelsan, Stromae","electronic","4","pop",FALSE
"LOYAL","La Fève","hip-hop","4","pop",FALSE
"Forró Nº 1 (feat. Gal Costa)","Luiz Gonzaga, Gal Costa","brazilian","4","pop",FALSE
"Quando Você Olha Pra Ela","Gal Costa","brazilian","4","pop",FALSE
"HELLO (feat. JEY BROWNIE & Josman)","Guy2Bezbar, JEY BROWNIE, Josman","hip-hop","4","pop",FALSE
"Awolowo - Remix","Fido, Tiwa Savage","ambient","4","pop",FALSE
"Fight for Love","SAULT","soul","4","pop",FALSE
"On verra","Nekfeu","electronic","4","pop",FALSE
"Waiting on the Right Time","Thee Sacred Souls","soul","4","pop",FALSE
"Cartomante","Pé de Mulambo","brazilian","4","pop",FALSE
"Anyone In Love","Jalen Ngonda","soul","4","pop",FALSE
"Hey Girl - Netflix影集《影后》片尾曲","小男孩樂團","mandopop","4","pop",FALSE
"Ani Maamin","DJ Kraz","world","4","pop",FALSE
"hell and back","Fireboy DML","ambient","4","pop",FALSE
"I Want It All","Da Tweekaz","electronic","4","pop",FALSE
"felices los 3","Auggie Velarde","latin","4","pop",FALSE
"Bola De Meia","Forroçacana","brazilian","4","pop",FALSE
"Biri Marung (feat. Sje Konka, Focalistic, DJ Maphorisa, Scotts Maphuma & CowBoii)","Mr Pilato, Ego Slimflow, Tebogo G Mashego, SJE Konka, Focalistic, DJ Maphorisa, Scotts Maphuma, CowBoii","afrobeats","4","pop",FALSE
"Samarina","Chama Chuva","brazilian","4","pop",FALSE
"Back for More","Hurricane on Saturn","rock","4","pop",FALSE
"Smells Like Teen Spirit - Remastered 2021","Nirvana","rock","4","pop",FALSE
"Céline","Elh Kmer, So La Lune","electronic","4","pop",FALSE
"Bad Vibes (feat. Seyi Vibez)","Ayra Starr, Seyi Vibez","afrobeats","4","pop",FALSE
"Higher","Burna Boy","afrobeats","4","pop",FALSE
"Lomo Lomo","KiDi, Black Sherif","afrobeats","4","pop",FALSE
"Abo Nokthula (feat. The Exclusive SA, Scotts Maphuma, Kabelo Sings, Bontle Smith, 2woshort & Stompiiey)","TNK MusiQ, LeeMcKrazy, Seun1401, The Exclusive SA, Scotts Maphuma, Kabelo Sings, Bontle Smith, 2woshort, Stompiiey","afrobeats","4","pop",FALSE
"Zase England","Blacko SA, Mellow & Sleazy, Scotts Maphuma","afrobeats","4","pop",FALSE
"Forró De Itaúnas","Chama Chuva","brazilian","4","pop",FALSE
"Race To Destruction","Brain","gaming","4","pop",FALSE
"Semelhantes","Peixelétrico","brazilian","4","pop",FALSE
"Asylum","Olivetheboy","afrobeats","4","pop",FALSE
"Les mots bleus","Christophe","electronic","4","pop",FALSE
"Aşkının Ederi Bu Mu","Shawty, Ayaz Erdoğan","turkish","4","pop",FALSE
"Adon Olam","Dovid Pearlman, C. Neuhaus","world","4","pop",FALSE
"İstanbul'da","İlyas Yalçıntaş","turkish","4","pop",FALSE
"Geçen Yıl","Saide Guliyeva","turkish","4","pop",FALSE
"LIVE- STYLE","Timaya","ambient","4","pop",FALSE
"Eté 90","Therapie TAXI","electronic","4","pop",FALSE
"Nodeh Lecha","Nachas","world","4","pop",FALSE
"青春コンプレックス","結束バンド","j-pop","4","pop",FALSE
"トウキョウ・シャンディ・ランデヴ","MAISONdes, 花譜, ツミキ","j-pop","4","pop",FALSE
"Your House","Inhaler","rock","4","pop",FALSE
"Yangın - Akustik","Hande Ünsal","turkish","4","pop",FALSE
"Frasco Pequeno","Grupo Fundo De Quintal","brazilian","4","pop",FALSE
"Symphony Of Destruction","Megadeth","metal","4","pop",FALSE
"Showbiz","Palaye Royale","rock","4","pop",FALSE
"Blind","Korn","metal","4","pop",FALSE
"YAKTIN","Ilker James, Ayaz Erdoğan","turkish","4","pop",FALSE
"Holy Wars...The Punishment Due - 2004 Remix","Megadeth","metal","4","pop",FALSE
"Roots Bloody Roots","Sepultura","metal","4","pop",FALSE
"Painkiller","Judas Priest","metal","4","pop",FALSE
"Pull Me Under","Dream Theater","metal","4","pop",FALSE
"Tears Don't Fall","Bullet For My Valentine","metal","4","pop",FALSE
"Summer Dreaming","Bingo Players, Pure Shores","pop","4","pop",TRUE
"War Eternal","Arch Enemy","metal","4","pop",FALSE
"Raise Your Horns","Amon Amarth","metal","4","pop",FALSE
"Hallederiz","Sezer Sarıgöz","turkish","4","pop",FALSE
"Dedikodu","Ayaz Erdoğan, Shawty","turkish","4","pop",FALSE
"İhtimal","Mustafa Sandal","turkish","4","pop",FALSE
"Eriyorum Günden Güne","Burak Bulut","turkish","4","pop",FALSE
"Dilber","İdo Tatlıses","turkish","4","pop",FALSE
"breathe","Earl Hondo","hip-hop","4","pop",FALSE
"2 BOLD","Jomega","hip-hop","4","pop",FALSE
"Resonance","Home","electronic","4","pop",FALSE
"Dangal","Pritam, Daler Mehndi","indian","4","pop",FALSE
"Kayboldum","Siyam","turkish","4","pop",FALSE
"Sarphira (From ""Chandu Champion"")","Pritam, Sreerama Chandra, Kausar Munir","indian","4","pop",FALSE
"Yanıbaşımda","Sefo","turkish","4","pop",FALSE
"Senden Hatıra","Kerim Araz, Sevgim Yılmaz","turkish","4","pop",FALSE
"Sooraj Dooba Hain","Arijit Singh, Aditi Singh Sharma","indian","4","pop",FALSE
"2017","M Lisa","turkish","4","pop",FALSE
"Ingen e som solen","Danny Saucedo, Mapei","pop","4","pop",TRUE
"Katran","Ece Mumay","turkish","4","pop",FALSE
"I Can See Clearly Now","Jimmy Cliff","reggae","4","pop",FALSE
"Here I Come","Barrington Levy","reggae","4","pop",FALSE
"Revolution","Dennis Brown","reggae","4","pop",FALSE
"True To Myself","Ziggy Marley","reggae","4","pop",FALSE
"Badfish","Sublime","reggae","4","pop",FALSE
"Stone Love","Pepper","reggae","4","pop",FALSE
"Sevda","Umut Timur","turkish","4","pop",FALSE
"Dear Mama","2Pac","hip-hop","4","pop",FALSE
"Feel the Way I Do","The Jungle Giants","indie","4","pop",FALSE
"Rose Pink Cadillac","DOPE LEMON","indie","4","pop",FALSE
"22","JayO","ambient","4","pop",FALSE
"turned your back","Gunna","arabic","4","pop",FALSE
"Ice Box","Omarion","blues","4","pop",FALSE
"Frank Ocean","Julia Lov","pop","4","pop",TRUE
"Keep Their Heads Ringin'","Dr. Dre","hip-hop","4","pop",FALSE
"Steeze","Skiibii","ambient","4","pop",FALSE
"Me, Myself and I","Beyoncé","blues","4","pop",FALSE
"Kolwa","Euggy, Suraj, Mumba Yachi","electronic","4","pop",FALSE
"Hajikwai","Naarly, Thabza De Soul, Idd Aziz","electronic","4","pop",FALSE
"Mp3","Mario Puglia","latin","4","pop",FALSE
"Moors","Drumetic Boyz","electronic","4","pop",FALSE
"Burning Bridges","Sigrid","pop","4","pop",TRUE
"Promised Land","Saco, Sparkle","electronic","4","pop",FALSE
"Romeo Must Die (RMD)","Ruger, Bnxn","ambient","4","pop",FALSE
"EGO","Bad Milk","latin","4","pop",FALSE
"Ocean Quiet","Lucas Estrada, NEIMY","electronic","4","pop",FALSE
"The Age Of Love - Brennan Heart & ANDY SVGE Remix","Age Of Love, Brennan Heart, ANDY SVGE","electronic","4","pop",FALSE
"Håper du har det bra","Jesper Jenset","pop","4","pop",TRUE
"Sorry","Emma Steinbakken","pop","4","pop",TRUE
"Rise Up","Brendan Mills, Surfin' Sam","electronic","4","pop",FALSE
"AMARU","Dinos","electronic","4","pop",FALSE
"Dollar Dream [Lucas Estrada Edit]","Lucas Estrada, Couché, Polar Notes, Mentum","electronic","4","pop",FALSE
"Black Betty","Ram Jam","rock","4","pop",FALSE
"FADE UP","ZEG P, Hamza, SCH","electronic","4","pop",FALSE
"January 9th","Black Sherif","ambient","4","pop",FALSE
"Dark","LIAMOO","pop","4","pop",TRUE
"Happier (feat. Clementine Douglas)","The Blessed Madonna, Clementine Douglas","electronic","4","pop",FALSE
"Honey Boy (feat. Nile Rodgers & Shenseea)","Purple Disco Machine, Benjamin Ingrosso, Nile Rodgers, Shenseea","electronic","4","pop",FALSE
"Never Be Lonely","Jax Jones, Zoe Wees","electronic","4","pop",FALSE
"CARTIER","Gazo, Tiakola","hip-hop","4","pop",FALSE
"LOCO","GIMS, Lossa","hip-hop","4","pop",FALSE
"777","RST","hip-hop","4","pop",FALSE
"Drunken Sailor","The Irish Rovers","folk","4","pop",FALSE
"Maria Forrozeira","Thais Nogueira","brazilian","4","pop",FALSE
"So Alive","DeScribe","world","4","pop",FALSE
"Es Shem","Yechiel Lazarus","world","4","pop",FALSE
"What’s This About (La La La La)","Kate Bollinger","pop","4","pop",TRUE
"Amer","Le U, Akim Beats","hip-hop","4","pop",FALSE
"V'hu Haya","Yossi Newman, Aryeh Barnett","world","4","pop",FALSE
"Long for the Day","Tani Polansky","world","4","pop",FALSE
"Weekend!","Jordiz","electronic","4","pop",FALSE
"Liberators","Epic Score","classical","4","pop",FALSE
"Flames","DJ Kraz, Sholom","world","4","pop",FALSE
"The Dress","Dijon","pop","4","pop",TRUE
"Du & jag","Poolkant","pop","4","pop",TRUE
"Today","Seyi Vibez","arabic","4","pop",FALSE
"Jag vill inte ha dig tillbaks","Lancelot, Clara Klingenström","pop","4","pop",TRUE
"Boom Boom Bass","RIIZE","k-pop","4","pop",FALSE
"Bad For You (feat. Jazmine Sullivan)","Wizkid, Jazmine Sullivan","ambient","4","pop",FALSE
"Gold Snafu","Sticky Fingers","reggae","4","pop",FALSE
"KING KONG","TREASURE","k-pop","4","pop",FALSE
"Adama V'shamayim - Remix","DJ Kraz","world","4","pop",FALSE
"Ashira","Danny Palgon, Yoni Z","world","4","pop",FALSE
"Frankenstein","Claire Rosinkranz","pop","4","pop",TRUE
"Pray","Wizkid","ambient","4","pop",FALSE
"Magenta","Bekar","electronic","4","pop",FALSE
"Över nu","HON","pop","4","pop",TRUE
"Dans ma tête","Nell Widmer","electronic","4","pop",FALSE
"Street Fighter","Assertive Fam","afrobeats","4","pop",FALSE
"Oh My Sax","Cairo CPT, Don Vino","afrobeats","4","pop",FALSE
"Skating","Asake","ambient","4","pop",FALSE
"難得有情人","Shirley Kwan","cantopop","4","pop",FALSE
"PUFF PUFF","M.anifest, The Cavemen., Flea","ambient","4","pop",FALSE
"BUBALU","Feid, Rema","latin","4","pop",FALSE
"Be Honest","Denilson, WMC","latin","4","pop",FALSE
"Numa Sala de Reboco","Elba Ramalho","brazilian","4","pop",FALSE
"S'yophanda","Rhass, Mshayi, Mr Thela","afrobeats","4","pop",FALSE
"BANKSY","Recycled J, Selecta","electronic","4","pop",FALSE
"Suru (feat. Stormzy)","Asake, Stormzy","ambient","4","pop",FALSE
"Endofaya (feat. Eltee, Springle, ChocoDynasty & Mankay)","Pushkin RSA, Eltee, Springle, Choco Dynasty, ManKay","afrobeats","4","pop",FALSE
"Ayeh! - DJ Roi Cohen Remix","Reuven Garber ראובן גרבר, DJ Roi Cohen","world","4","pop",FALSE
"Cheat On Me (feat. Dave)","Burna Boy, Dave","ambient","4","pop",FALSE
"Smaller","Erik Hassle","pop","4","pop",TRUE
"Sudden Day","Show Dem Camp, The Cavemen., Nsikak David","ambient","4","pop",FALSE
"Soundgasm","Rema","latin","4","pop",FALSE
"Currency","Young Jonn, Olamide","arabic","4","pop",FALSE
"WATAWI (feat. Davido, Focalistic & Abidoza)","CKay, Focalistic, Davido, Abidoza","latin","4","pop",FALSE
"Ouu wee (brown)","Mannywellz","ambient","4","pop",FALSE
"Spaceship","Comet Blue","pop","4","pop",TRUE
"Sad In Carolina","Dexter and The Moonrocks","rock","4","pop",FALSE
"ecstasy (feat. Seun Kuti)","Fireboy DML, Seun Kuti","ambient","4","pop",FALSE
"J't'emmène au vent","Louise Attaque","electronic","4","pop",FALSE
"Force Projection","P.T. Adamczyk","gaming","4","pop",FALSE
"A minuit","Bekar","electronic","4","pop",FALSE
"BEZOS","Blaqbonez","ambient","4","pop",FALSE
"JUBA","Anendlessocean","gospel","4","pop",FALSE
"E Dey Flow","Moses Bliss, Neeja, Ajay Asika, Festizie, S.O.N Music, Chizie","gospel","4","pop",FALSE
"Don't Tell Ma","Peg Parnevik","pop","4","pop",TRUE
"Petit à petit","Arcadian","electronic","4","pop",FALSE
"BROTHER","Ashidapo, Asake","ambient","4","pop",FALSE
"I love you","Dadju, Tayc","electronic","4","pop",FALSE
"Higher","Burna Boy","ambient","4","pop",FALSE
"Le vent nous portera","Noir Désir","electronic","4","pop",FALSE
"JELO","Pheelz, Young Jonn","ambient","4","pop",FALSE
"On avait dit","47ter","electronic","4","pop",FALSE
"GWAGWALADA","Bnxn, Kizz Daniel, Seyi Vibez","ambient","4","pop",FALSE
"Como habla una mujer (feat. C. Tangana)","Paula Cendejas, C. Tangana","latin","4","pop",FALSE
"Knock Your Block Off","Jme, Giggs","hip-hop","4","pop",FALSE
"Novels","Rusty Clanton","ambient","4","pop",FALSE
"Sight Of You","Sigrid","pop","4","pop",TRUE
"Trop beau","Lomepal","electronic","4","pop",FALSE
"Bad (feat. Rihanna) - Remix","Wale, Rihanna","blues","4","pop",FALSE
"Enough","BhadBoi OML","arabic","4","pop",FALSE
"back n forth","Fireboy DML, Lagbaja","ambient","4","pop",FALSE
"Ligali","Asake","ambient","4","pop",FALSE
"Pacifique","Zoufris Maracas","electronic","4","pop",FALSE
"In The Room (feat. Tasha Cobbs Leonard)","Maverick City Music, Naomi Raine, Chandler Moore, Tasha Cobbs Leonard","gospel","4","pop",FALSE
"Memory Reboot","VØJ, Narvent","electronic","4","pop",FALSE
"Le sud","Nino Ferrer","electronic","4","pop",FALSE
"Jaiye Foreign","Tiwa Savage, Zinoleesky","arabic","4","pop",FALSE
"Mbappe - Remix","Eladio Carrion, Future","latin","4","pop",FALSE
"Nagumomu - Abheri - Adi - Live","Sudha Ragunathan","indian","4","pop",FALSE
"Calling My Name (I'm A Soldier) - Live","Ebuka Songs","gospel","4","pop",FALSE
"Harla","Rabia Tunçbilek, Amo988","turkish","4","pop",FALSE
"IN THE GARDEN (feat. Morravey)","Davido, Morravey","ambient","4","pop",FALSE
"Money","Lime Cordiale","indie","4","pop",FALSE
"La 2blea","Anuel AA","latin","4","pop",FALSE
"It's Not Right - Radio Edit","Gianni Romano, Emanuele Esposito, Helen Tesfazghi","electronic","4","pop",FALSE
"Lock Up","Nonso Amadi, Zinoleesky","ambient","4","pop",FALSE
"Anchor Point","Ahmed Spins, Stevo Atambire","electronic","4","pop",FALSE
"Circle Reflections","Mindscape","jazz","4","pop",FALSE
"Kysy mua ulos","Vesala","pop","4","pop",TRUE
"Nalu","Deep Chills, Brendan Mills","electronic","4","pop",FALSE
"Breathe (feat. Jonathan McReynolds, DOE & Mav City Gospel Choir) - Studio Version","Maverick City Music, Chandler Moore, Jonathan McReynolds, DOE, Mav City Gospel Choir","gospel","4","pop",FALSE
"Dancing With Your Ghost","TWOPILOTS","electronic","4","pop",FALSE
"Wag1","Akapellah","latin","4","pop",FALSE
"Az Yashir 2.0","K3LZ, Eli Levin, MOiSHE'LE","world","4","pop",FALSE
"L'Amour","WUULA, Dr Feel","electronic","4","pop",FALSE
"Söyleme","Simge","turkish","4","pop",FALSE
"CIEL","HOUDI","electronic","4","pop",FALSE
"Talking To Myself","Namic, Meynberg","electronic","4","pop",FALSE
"Before the Sun Sets","Nimus, RED","electronic","4","pop",FALSE
"Home","Zwette, Julian Perretta","electronic","4","pop",FALSE
"2008","Pathetic","electronic","4","pop",FALSE
"Yaka Yaka","Mustafa Ceceli, Rabia Tunçbilek","turkish","4","pop",FALSE
"Young Folks","John Skyfield, BNHM, Levka Rey","electronic","4","pop",FALSE
"Tsoang Tsoang - Remix","DJ Leo Cris, Dr. Victor","electronic","4","pop",FALSE
"Olam Chesed Yibaneh - Remix","RJ2, Moshe Lang","world","4","pop",FALSE
"Zombie","The Cranberries","rock","4","pop",FALSE
"New Perspective","Frontliner, The Prophet","electronic","4","pop",FALSE
"Me Chamo Forró","Ó Do Forró","brazilian","4","pop",FALSE
"Namoro","Rastapé","brazilian","4","pop",FALSE
"Omo Eko","Adekunle Gold","ambient","4","pop",FALSE
"I Got Your Country Right Here","Gretchen Wilson","rock","4","pop",FALSE
"Love Is The Only Thing","Lost Frequencies","electronic","4","pop",FALSE
"Ahalela","Avi Zelinger","world","4","pop",FALSE
"Do What I Wanna Do - Rave Mix","LNY TNZ, Lil Jon","electronic","4","pop",FALSE
"Defiance","Wildstylez, Sound Rush","electronic","4","pop",FALSE
"Drop That","Lil Texas","electronic","4","pop",FALSE
"Live Forever","Headhunterz","electronic","4","pop",FALSE
"Love Me Blind","Molly Hammar","pop","4","pop",TRUE
"Sunset","Altair Blake","lofi","4","pop",FALSE
"Zeh Keili","Ari Goldwag","world","4","pop",FALSE
"Go Hard","Young Jonn","arabic","4","pop",FALSE
"Jag Lovar","Norlie & KKV","pop","4","pop",TRUE
"All We Ever Knew","The Head And The Heart","folk","4","pop",FALSE
"Som du vill","Theo","pop","4","pop",TRUE
"TAKE ME AWAY","Rooler, Sickmode, Paul Elstak","electronic","4","pop",FALSE
"Oh! Chuva","Falamansa","brazilian","4","pop",FALSE
"Musik Non Stop - Spotify Singles","Felicia Takman","pop","4","pop",TRUE
"Behind Enemy Lines","Ran-D, D-Block & S-te-Fan","electronic","4","pop",FALSE
"Morrison's Jig","Orthodox Celts","folk","4","pop",FALSE
"Sors","Ycare","electronic","4","pop",FALSE
"Time","Wizkid","ambient","4","pop",FALSE
"Only Good Die Young","Dotter","pop","4","pop",TRUE
"V'ohavta","Yechiel Lazarus, DJ YLK","world","4","pop",FALSE
"Everything Is from You","Moshe Siegel","world","4","pop",FALSE
"O Canto Da Ema","Jackson Do Pandeiro","brazilian","4","pop",FALSE
"Ki Le'olam Chasdo","Joey Newcomb","world","4","pop",FALSE
"Jinja","Olamide","ambient","4","pop",FALSE
"不愛就不愛","艾薇","mandopop","4","pop",FALSE
"Strength of a Thousand Men","Thomas Bergersen, Two Steps from Hell","classical","4","pop",FALSE
"Hold On","高爾宣 OSN, Patrick Brasca","mandopop","4","pop",FALSE
"FLEURS (feat. Tiakola)","Gazo, Tiakola","electronic","4","pop",FALSE
"Apollo13","Mister V, Juice","electronic","4","pop",FALSE
"Bedroom","Litany","pop","4","pop",TRUE
"Thula Moya Wami","Mr Thela","afrobeats","4","pop",FALSE
"Satama","KUUMAA","pop","4","pop",TRUE
"Ebelebe (feat. Wizkid)","Wande Coal, Wizkid","ambient","4","pop",FALSE
"Kol Sasson","RJ2","world","4","pop",FALSE
"Young Forever","JAY-Z, Mr Hudson","blues","4","pop",FALSE
"Worship Medley I","Okunade Adedeji","gospel","4","pop",FALSE
"Every Breath You Take","Chase Holfelder","ambient","4","pop",FALSE
"Sicel'Imithandazo","Cairo CPT","afrobeats","4","pop",FALSE
"Terminator","Asake","latin","4","pop",FALSE
"Kwandonga Ziyaduma","Mr Thela, Njelic","afrobeats","4","pop",FALSE
"Another Stranger","Hedda Mae","pop","4","pop",TRUE
"Heathens","Twenty One Pilots","rock","4","pop",FALSE
"Khuluma (feat. LilyFaith, Lowsheen & Theo Kgosinkwe)","OSKIDO, Master KG, MaWhoo, LilyFaith, Lowsheen, Theo Kgosinkwe","afrobeats","4","pop",FALSE
"Ivili Liyajikeleza 2.0","Cairo CPT","afrobeats","4","pop",FALSE
"Mantra","Alice Coltrane","jazz","4","pop",FALSE
"Bsimcha","Danny Palgon","world","4","pop",FALSE
"Will You Love Me When I’m Dead","Amira Elfeky","rock","4","pop",FALSE
"Ngeke Badaniswe","Mshayi, Mr Thela, Betusile","afrobeats","4","pop",FALSE
"Loaded","Tiwa Savage, Asake","latin","4","pop",FALSE
"Pedi Ao Céu","Almir Guineto","brazilian","4","pop",FALSE
"Ama Yine Sen","Burak Bulut","turkish","4","pop",FALSE
"HURT","Dead Poet Society","rock","4","pop",FALSE
"Best Of Me","Bnxn","ambient","4","pop",FALSE
"Overdue","Erphaan Alves","soca","4","pop",FALSE
"1000°C","Lomepal, Roméo Elvis","electronic","4","pop",FALSE
"Mood (feat. BNXN)","Wizkid, Bnxn","latin","4","pop",FALSE
"Takes One To Know One","The Beaches","rock","4","pop",FALSE
"Do I","Phyno","arabic","4","pop",FALSE
"True Love (feat. Tay Iwar & Projexx)","Wizkid, Tay Iwar, Projexx","latin","4","pop",FALSE
"Hayatın Kollarında","Samet Kardeşler, Sıla Şahin","turkish","4","pop",FALSE
"Detroit","Badflower","rock","4","pop",FALSE
"O Filho do Quitandeiro","Arlindo Cruz & Sombrinha","brazilian","4","pop",FALSE
"Big God","Tim Godfrey, Fearless Community, Anderson","gospel","4","pop",FALSE
"A Amizade","Grupo Fundo De Quintal","brazilian","4","pop",FALSE
"Trouble","R-Wan, Minz","latin","4","pop",FALSE
"Colours","Kid AlpHa","latin","4","pop",FALSE
"It's Plenty","Burna Boy","latin","4","pop",FALSE
"風林火山 ～月冴ゆ夜～","Hiromitsu Agatsuma, Chen Min, Akira Senju","world","4","pop",FALSE
"I'd Do Anything","Simple Plan","punk","4","pop",FALSE
"Sunshine","Asake","ambient","4","pop",FALSE
"Bloom","Lucas Estrada, TWOPILOTS","electronic","4","pop",FALSE
"J'me tire","GIMS","electronic","4","pop",FALSE
"Control","Ayra Starr","ambient","4","pop",FALSE
"Move Along","The All-American Rejects","punk","4","pop",FALSE
"Mélodie","OBOY","electronic","4","pop",FALSE
"Wishi Wishi (feat. Scotts Maphuma & Young Stunna)","Kabza De Small, Vigro Deep, DJ Maphorisa, Scotts Maphuma, Young Stunna","afrobeats","4","pop",FALSE
"Iza Mawala (feat. Dladla Mshunqisi & Goldmax)","Tycoon, Sly, Kabza De Small, Dladla Mshunqisi, Goldmax","afrobeats","4","pop",FALSE
"Yabani - Şehrazat Bir Ömrün Hikayesi","Derya Uluğ","turkish","4","pop",FALSE
"Mariposa Traicionera","Maná","rock","4","pop",FALSE
"I Wanna Know","Joe","blues","4","pop",FALSE
"Worship Medley II","Okunade Adedeji","gospel","4","pop",FALSE
"Makeda","Alice DiMar","electronic","4","pop",FALSE
"Fotografía","Juanes, Nelly Furtado","rock","4","pop",FALSE
"Praise Combo","Olamilekan Akamo","gospel","4","pop",FALSE
"Bloodline","Astrid S","pop","4","pop",TRUE
"Praise Fest 1.0","Blessing Lopez","gospel","4","pop",FALSE
"Crimson","7apes, Les Jardíns","jazz","4","pop",FALSE
"I Love You","Céline Dion","blues","4","pop",FALSE
"Yumi - edit","Notre Dame","electronic","4","pop",FALSE
"Effortless","Jacqline","pop","4","pop",TRUE
"Only Me","Asake","arabic","4","pop",FALSE
"Oil on My Head","Eben","gospel","4","pop",FALSE
"Isla Privée","Dele GT, LAVIERY","electronic","4","pop",FALSE
"Mirror","Sigrid","pop","4","pop",TRUE
"Sisters","The Halluci Nation, Northern Voice","world","4","pop",FALSE
"Dancing Nihilist","Pathetic","electronic","4","pop",FALSE
"Behold a Pale Horse","STOiK, Jah'kota, Plex, Drezus","world","4","pop",FALSE
"Obinasom","Mercy Chinwo","gospel","4","pop",FALSE
"AVINU CHAI (AM YISRAEL CHAI)","Yoni Z","world","4","pop",FALSE
"The Rain","TAI","world","4","pop",FALSE
"Low Tide","Sátyr, Mosalla","jazz","4","pop",FALSE
"This Town","Saco, Sparkle, Isabel Prada","electronic","4","pop",FALSE
"Joota Japani","KR$NA, Mukesh, Shankar Jaikishan","hip-hop","4","pop",FALSE
"TATA - Remix","Eladio Carrion, J Balvin, Daddy Yankee, Bobby Shmurda","latin","4","pop",FALSE
"Sämsta jag kan få","lovad","pop","4","pop",TRUE
"Shutdown Sequence","Willix","electronic","4","pop",FALSE
"BAL","Gülşen","turkish","4","pop",FALSE
"Sensational (feat. Davido & Lojay)","Chris Brown, Davido, Lojay","ambient","4","pop",FALSE
"Face à la mer","Calogero, Passi","electronic","4","pop",FALSE
"For evig","Chris Holsten","pop","4","pop",TRUE
"Can’t Stay Away","Molly Hammar","pop","4","pop",TRUE
"Eu e você","Bicho de Pé, Janayna Pereira","brazilian","4","pop",FALSE
"It's You","Ruvi New","world","4","pop",FALSE
"Salé","Niska","electronic","4","pop",FALSE
"Gratitude","Anendlessocean","gospel","4","pop",FALSE
"Sois Tosis","Mordechai Shapiro, Freilach Band","world","4","pop",FALSE
"(Everything I Do) I Do It For You","Bryan Adams","blues","4","pop",FALSE
"Here Without You","3 Doors Down","rock","4","pop",FALSE
"Wati by Night","Sexion d'Assaut","electronic","4","pop",FALSE
"Hold On Me","Kygo, Sandro Cavazza","electronic","4","pop",FALSE
"Rulla eftertexten","Felicia Takman","pop","4","pop",TRUE
"Yebo Lapho (Gogo) (feat. DJ Maphorisa & Djy Biza)","Felo Le Tee, Scotts Maphuma, Thabza Tee, DJ Maphorisa, Djy Biza","afrobeats","4","pop",FALSE
"Simcha Strong - Camp Simcha 2019 Boys Song - Camp Simcha Remix","Ami Eller, Camp Simcha","world","4","pop",FALSE
"iseoluwa","Fireboy DML","ambient","4","pop",FALSE
"Lalela","Amu Classic, Kappie, Djy Vino, Eemoh, Mpho Spizzy, Chronic Killer","afrobeats","4","pop",FALSE
"Save Me","Sub Zero Project, Rebelion","electronic","4","pop",FALSE
"Closer","DJ Kraz, Aryeh Kunstler","world","4","pop",FALSE
"Crossover","Da Tweekaz, Used, LePrince","electronic","4","pop",FALSE
"Seu Siriri","Trio Dona Zefa","brazilian","4","pop",FALSE
"Ototo","Asake","latin","4","pop",FALSE
"Schar Mitzvah","Mordechai Shapiro","world","4","pop",FALSE
"Stray","c152","electronic","4","pop",FALSE
"Beautiful Heartbeat (feat. Frida Sundemo) - Radio Edit","MORTEN, Frida Sundemo","pop","4","pop",TRUE
"För evigt","GULEED","pop","4","pop",TRUE
"Shema","Nachas","world","4","pop",FALSE
"Dreamer","DeScribe","world","4","pop",FALSE
"Bleu ciel","Smeels","electronic","4","pop",FALSE
"All About The Games - Official Swedish Song For Rio 2016","John Lundvik","pop","4","pop",TRUE
"מצווה גדולה","Mikey Mocton","world","4","pop",FALSE
"Welcome Back - Akiva Hammond Remix","Waterbury Mesivta, Eli Dachs, Akiva Hammond","world","4","pop",FALSE
"Camarão Que Dorme a Onda Leva","Zeca Pagodinho, Dudu Nobre, Mumuzinho, Djavan, Sombrinha, Arlindo Cruz, Maria Rita, Péricles, Alcione, Emicida, Diogo Nogueira, Frejat, Monarco, VELHA GUARDA DA PORTELA, Almir Guineto, Rildo Hora, Roberta Sá, Lenine, Beth Carvalho, Marcelo D2","brazilian","4","pop",FALSE
"Derrière le brouillard","Grand Corps Malade, Louane","electronic","4","pop",FALSE
"運轉人生 - 影集《華麗計程車行》插曲","邱軍","mandopop","4","pop",FALSE
"DLMD","Darren Styles, TNT, Technoboy, Tuneboy","electronic","4","pop",FALSE
"Vamos Todo Mundo pro Forró","Dois Dobrado","brazilian","4","pop",FALSE
"Holiday","Green Day","punk","4","pop",FALSE
"Lo Nafsik Lirkod","Ari Goldwag","world","4","pop",FALSE
"Sameach","Moshe Lichtenstein","world","4","pop",FALSE
"Går emot dig","Klockrent!","pop","4","pop",TRUE
"Les yeux de la mama","Kendji Girac","electronic","4","pop",FALSE
"On My Love","Zara Larsson, David Guetta","pop","4","pop",TRUE
"Darling Jesus","S.O.N Music, Neeja","gospel","4","pop",FALSE
"Yarem","Burak Bulut, Kurtuluş Kuş","turkish","4","pop",FALSE
"Slutet av sommarn","Molly Sandén","pop","4","pop",TRUE
"Geshmak to Be a Yid","Moshe Storch, DRS Senior Choir","world","4","pop",FALSE
"Medo de Escuro","Falamansa","brazilian","4","pop",FALSE
"תרקדו","איציק וינגרטן","world","4","pop",FALSE
"Mala Gente","Juanes","rock","4","pop",FALSE
"Monsters","Hurricane on Saturn, Deuce","rock","4","pop",FALSE
"The Reason","Hoobastank","rock","4","pop",FALSE
"Agradar Você","Trio Potiguá","brazilian","4","pop",FALSE
"Hoida mut","Benjamin","pop","4","pop",TRUE
"Kar Har Maidaan Fateh","Sukhwinder Singh, Shreya Ghoshal","indian","4","pop",FALSE
"Sweat","Isak Danielson","pop","4","pop",TRUE
"Ghungroo (From ""War"")","Vishal-Shekhar, Arijit Singh, Shilpa Rao, Kumaar","indian","4","pop",FALSE
"Always Thinkin' Of You","Nick Colionne","jazz","4","pop",FALSE
"Khuphuka","Royal MusiQ, 2woBunnies, Djy Biza","afrobeats","4","pop",FALSE
"Booster Seat","Spacey Jane","indie","4","pop",FALSE
"Ng'limele (feat. Ceeka RSA)","Tyler ICU, Tumelo_za, Ceeka RSA","afrobeats","4","pop",FALSE
"Keep on Moving","Jordiz","electronic","4","pop",FALSE
"letting go","Fireboy DML, Lojay","ambient","4","pop",FALSE
"Dommage","Bigflo & Oli","electronic","4","pop",FALSE
"Kerran elämässä","Elias Kaskinen","pop","4","pop",TRUE
"People Watching","Sam Fender","rock","4","pop",FALSE
"Metaverse","Cage The Elephant","rock","4","pop",FALSE
"B. D’OR (feat. Wizkid)","Burna Boy, Wizkid","latin","4","pop",FALSE
"Kimim Ben","Fredo, Defkhan, Rollen, Aysemen","turkish","4","pop",FALSE
"Uykularından Ol","Doğu Swag","turkish","4","pop",FALSE
"Accept","Aryeh Kunstler","world","4","pop",FALSE
"Yeniden Sevemem","Kurtuluş Kuş, Burak Bulut","turkish","4","pop",FALSE
"Long Live Soca","Voice","soca","4","pop",FALSE
"Pump Me Up","Krosfyah","soca","4","pop",FALSE
"Tinkerbell (feat. Wizkid)","R2Bees, Wizkid","latin","4","pop",FALSE
"Lucidez","Grupo Fundo De Quintal","brazilian","4","pop",FALSE
"Azar Azar","EDIS","turkish","4","pop",FALSE
"星期五晚上","Energy","mandopop","4","pop",FALSE
"That's What You Get","Paramore","punk","4","pop",FALSE
"The Great Escape","BOYS LIKE GIRLS","punk","4","pop",FALSE
"Zümrüdüankam","Merve Özbey","turkish","4","pop",FALSE
"Calling My Name (I'm A Soldier) - Live","Ebuka Songs","gospel","4","pop",FALSE
"Make It","Daniel Schulz","pop","4","pop",TRUE
"Que seja","Bicho de Pé, Janayna Pereira","brazilian","4","pop",FALSE
"Young Money","LZee","hip-hop","4","pop",FALSE
"Falling In Love","Hardwell, Outsiders","electronic","4","pop",FALSE
"Dolce Disco","Superflat","funk","4","pop",FALSE
"Gabriel","Hydawai, CMC$, Benji (UK)","electronic","4","pop",FALSE
"Dear Sandman","EMMY","pop","4","pop",TRUE
"Rachem","RJ2","world","4","pop",FALSE
"Say Something","Matilda","pop","4","pop",TRUE
"I'll Make Love To You","Boyz II Men","blues","4","pop",FALSE
"Kurama Yama","Ensemble Kineya","world","4","pop",FALSE
"Vi ska aldrig gå hem","Molly Sandén","pop","4","pop",TRUE
"Δ. Dieu ne ment jamais","Damso","electronic","4","pop",FALSE
"DJ","Diam's","electronic","4","pop",FALSE
"Thank You Hashem","Baruch Levine","world","4","pop",FALSE
"Illegal Weapon 2.0 (From ""Street Dancer 3D"")","Jasmine Sandlas, Garry Sandhu, Tanishk Bagchi, Intense","indian","4","pop",FALSE
"Gallan Goodiyaan","Yashita Sharma, Manish Kumar Tipu, Farhan Akhtar, Shankar Mahadevan, Sukhwinder Singh","indian","4","pop",FALSE
"Retro Future","c152","electronic","4","pop",FALSE
"Raven Strut (feat. K.Clevenger) - DASH Remix","DKD Dancers, DASH, K.Clevenger","world","4","pop",FALSE
"Bhabhalaza","Rhass, Mr Thela","afrobeats","4","pop",FALSE
"Barn som deg","Matoma, Gabrielle, Hver gang vi møtes","pop","4","pop",TRUE
"Halele - Alex Wann Remix","&friends, Samuel Cosmic, Oluwadamvic, Alex Wann","electronic","4","pop",FALSE
"לא נורא","Shuky","world","4","pop",FALSE
"Break It Down","Tjaka","world","4","pop",FALSE
"Yo","Tarkan","turkish","4","pop",FALSE
"Your Voice - Adam Port Remix","Caiiro, AWEN, Adam Port","electronic","4","pop",FALSE
"La Bebé (Remix) [French Version]","Dele GT","electronic","4","pop",FALSE
"Put n' Work","Chris Ardoin","world","4","pop",FALSE
"Ta på mig","Oscar Zia","pop","4","pop",TRUE
"Exodus","KoruSe, stellar, Arimasen","electronic","4","pop",FALSE
"̸ ̡ ҉ ҉.·๑ඕั ҉ ̸ ̡ ҉ ҉.·๑ඕั ҉ ̸ ̡ ҉ ҉.·๑ඕั ҉ ̸ ̡ ҉ ҉.·๑ඕั ҉ ̸ ̡ ҉ ҉.·๑ඕั ҉ ̸ ̡ ҉ ҉.·๑ඕั ҉ ̸ ̡ ҉ ҉.·๑ඕั ҉","⣎⡇ꉺლ༽இ•̛)ྀ◞ ༎ຶ ༽ৣৢ؞ৢ؞ؖ ꉺლ","electronic","4","pop",FALSE
"Sommarn är över (feat. Eah Jé)","estraden, Eah Jé","pop","4","pop",TRUE
"ארץ ישראל","Ishay Ribo","world","4","pop",FALSE
"Impala","Adèle Castillon, Videoclub","electronic","4","pop",FALSE
"Sensiz","Siyam","turkish","4","pop",FALSE
"Proud Jew","Yossi Rodal, iZZy D JaY, CTeen","world","4","pop",FALSE
"Too Good To Be True","Rhys","pop","4","pop",TRUE
"Hångel på balkongen","Clara Klingenström","pop","4","pop",TRUE
"Kendime","Gökçe Kırgız Taner","turkish","4","pop",FALSE
"Defe Defe","Team Eternity Ghana","gospel","4","pop",FALSE
"Kumama Papa","Grace Lokwa, Moses Bliss, Prinx Emmanuel","gospel","4","pop",FALSE
"E Ti Tobi to (Live)","EmmaOMG, The OhEmGee Choir, Pelumi Deborah, BBO","gospel","4","pop",FALSE
"Sammumaton","BESS","pop","4","pop",TRUE
"Come With Me","W&W, Harris & Ford, Special D.","electronic","4","pop",FALSE
"Vou Te Namorar","Dois Dobrado","brazilian","4","pop",FALSE
"Count My Blessings","Johnny Drille","ambient","4","pop",FALSE
"Tout va bien","roland decembre","electronic","4","pop",FALSE
"True","CYRIL, Kita Alexander","electronic","4","pop",FALSE
"Emes 2.0","Baruch Naftel, Caudio","world","4","pop",FALSE
"OMFTR","Show Dem Camp, The Cavemen., Obongjayar, Nsikak David","ambient","4","pop",FALSE
"Superstar","Darin","pop","4","pop",TRUE
"GAY","Benjamin","pop","4","pop",TRUE
"Papi (Bhabi)","Eden Shalev","electronic","4","pop",FALSE
"Wanted It To Be You","Sigrid","pop","4","pop",TRUE
"You're Hired (feat. Ayra Starr)","NEIKED, Ayra Starr","pop","4","pop",TRUE
"Mehän vaan tanssittiin","Tuure Boelius","pop","4","pop",TRUE
"Distant","Hanne Mjøen","pop","4","pop",TRUE
"Blaise Bailey Finnegan III","Godspeed You! Black Emperor","rock","4","pop",FALSE
"This Is My Home","Duvie Shapiro","world","4","pop",FALSE
"E.L.E.P.H.A.N.T - Bonus Track","Booba","electronic","4","pop",FALSE
"Ashira Lashem","Dovid Pearlman, Ari Goldwag","world","4","pop",FALSE
"Flowers at a Funeral","NOEL","folk","4","pop",FALSE
"Kelechi","Mazi Floss","gospel","4","pop",FALSE
"Turning Onto You","First Aid Kit","folk","4","pop",FALSE
"Matuto Aperreado","Luiz Gonzaga","brazilian","4","pop",FALSE
"Star Pool","c152","electronic","4","pop",FALSE
"Synthstar","c152","electronic","4","pop",FALSE
"DÜŞLERİM","Aleyna Kalaycıoğlu","turkish","4","pop",FALSE
"No Nosso Fundo de Quintal","Grupo Fundo De Quintal","brazilian","4","pop",FALSE
"Hanging on to Nothing","Måns Zelmerlöw","pop","4","pop",TRUE
"Bränner","Kim Cesarion","pop","4","pop",TRUE
"Parce que c'est toi","M. Pokora","electronic","4","pop",FALSE
"Let Dem Kno","Smallgod, Tiwa Savage, Kwesi Arthur","latin","4","pop",FALSE
"Zar Zor","Ayaz Erdoğan","turkish","4","pop",FALSE
"Anadrol","Yosuf","electronic","4","pop",FALSE
"Unspoken","Yossi Rodal, iZZy D JaY","world","4","pop",FALSE
"Modeh Ani","Moshe Tischler","world","4","pop",FALSE
"Black Effect","Jordan Sandhu, Mehar Vaani, Desi Crew","indian","4","pop",FALSE
"I Like To Move It","AXMO, le Shuuk, LePrince","electronic","4","pop",FALSE
"Fiesta de negritos - Remastered","Lucho Bermúdez","world","4","pop",FALSE
"Sexual Healing - Kygo Remix","Marvin Gaye, Kygo","electronic","4","pop",FALSE
"Gamação","Luiz Carlos Da Vila","brazilian","4","pop",FALSE
"Hoşuna Gidiyo","Aleyna Tilki, Zeki Arkun","turkish","4","pop",FALSE
"Tears on the Dance Floor","Icona Pop","pop","4","pop",TRUE
"I Like To Party","AXMO, DJ Junior (TW)","electronic","4","pop",FALSE
"Bloom (Brendan Mills Remix)","Lucas Estrada, TWOPILOTS, Brendan Mills","electronic","4","pop",FALSE
"K'Echud","Yossi Newman, Aryeh Barnett","world","4","pop",FALSE
"Move","Adam Port, Stryv, Keinemusik, Orso, Malachiii","electronic","4","pop",FALSE
"Lie To Me","Thom Merlin, Foínix, Brandon Chase","electronic","4","pop",FALSE
"Neden Anlamadın Beni?","Reynmen","turkish","4","pop",FALSE
"Tropicana","RejSende","jazz","4","pop",FALSE
"Pasilda - Knee Deep Mix","Afro Medusa, Knee Deep","electronic","4","pop",FALSE
"Off My Face","Toneshifterz, Colin Hennerz, Audiofreq, Code Black, 3Blokes","electronic","4","pop",FALSE
"Monalisa","Lojay, Sarz","latin","4","pop",FALSE
"Amakhehla","Vigro Deep, Freddy K, Mr. JazziQ, Scotts Maphuma, CowBoii","afrobeats","4","pop",FALSE
"Ba$tard, Don't Be Silly","Victony","ambient","4","pop",FALSE
"Any Love","Kirk Whalum","jazz","4","pop",FALSE
"Anim","Gad Feureisen","world","4","pop",FALSE
"Vizardit","Hildá Länsman, Tuomas Norvio","world","4","pop",FALSE
"PICASSO (feat. Logos Olori)","Davido, Logos olori","ambient","4","pop",FALSE
"Woops - Dimitri Vegas & Junkie Kid Remix","Dj Bountyhunter, Dimitri Vegas, Junkie Kid","electronic","4","pop",FALSE
"Baby Doll","Meet Bros Anjjan, Kanika Kapoor","indian","4","pop",FALSE
"Eimosai","Danny Palgon","world","4","pop",FALSE
"Darling Jesus","S.O.N Music, Neeja","gospel","4","pop",FALSE
"Like Ah Boss","Machel Montano","soca","4","pop",FALSE
"I Let the Good Ones Go","Smith & Thell","folk","4","pop",FALSE
"A Batucada Dos Nossos Tantãs","Grupo Fundo De Quintal","brazilian","4","pop",FALSE
"Star Of The County Down","The High Kings","folk","4","pop",FALSE
"Djadja","Aya Nakamura","electronic","4","pop",FALSE
"Gittiğini Kabullenemem","Rollen","turkish","4","pop",FALSE
"Born Wit It (Bumpa Riddim)","Alison Hinds","soca","4","pop",FALSE
"Ein yeush","Moshe Lang, A.Y. Bouzaglou","world","4","pop",FALSE
"Modeh Ani","Hershel, iZZy D JaY","world","4","pop",FALSE
"La terre est ronde","Orelsan","electronic","4","pop",FALSE
"Free My Mind","Omah Lay","latin","4","pop",FALSE
"Say What","Rampa, Adam Port, &ME, chuala, Keinemusik","electronic","4","pop",FALSE
"Pintou uma Lua Lá","Arlindo Cruz & Sombrinha","brazilian","4","pop",FALSE
"Gecelere","Eda Sakız, Siyam","turkish","4","pop",FALSE
"Same Moon","Juliander","pop","4","pop",TRUE
"San Bá","Vicente Garcia","world","4","pop",FALSE
"Fast Car","Jonas Blue, Dakota","electronic","4","pop",FALSE
"Anılara Dalarız","Ebru Yaşar, Burak Bulut, Kurtuluş Kuş","turkish","4","pop",FALSE
"ABART","Ece Mumay","turkish","4","pop",FALSE
"Heroine","Dimitri Vegas & Like Mike","electronic","4","pop",FALSE
"Odecha","Reuven Garber ראובן גרבר","world","4","pop",FALSE
"Resonance","Home","electronic","4","pop",FALSE
"Vai Lá, Vai Lá","Grupo Fundo De Quintal","brazilian","4","pop",FALSE
"Ah-Yay!","Nachas","world","4","pop",FALSE
"Diwa Kae","De Mthuda, Kabza De Small, Young Stunna, Mkeyz, McKenzie, Mthunzi","afrobeats","4","pop",FALSE
"Hashem Echad","Itzik Orlev","world","4","pop",FALSE
"Ngenyimini","Rhass, Mapressa, Dj Ndista, Luzzar","afrobeats","4","pop",FALSE
"Shifchi","Danny Palgon","world","4","pop",FALSE
"Comment te dire adieu","Françoise Hardy","electronic","4","pop",FALSE
"Another One (feat. Chris Brown)","Elevation Worship, Chris Brown","gospel","4","pop",FALSE
"Humraah (From ""Malang - Unleash The Madness"")","Sachet Tandon, Kunaal Vermaa, The Fusion Project","indian","4","pop",FALSE
"Namek","Dinos","electronic","4","pop",FALSE
"Andalucia","HUGEL, GROSSOMODDO","electronic","4","pop",FALSE
"Ponies (Turning Around) [feat. Aryeh Kunstler]","A.K.A. Pella, Aryeh Kunstler","world","4","pop",FALSE
"It Hurts","Johnny Drille, Don Jazzy","ambient","4","pop",FALSE
"Nyet Nyet","The International Nigun Project, Leo Chelyapov, Yossi Rodel, Shmuel Marcus, iZZy D JaY","world","4","pop",FALSE
"Ne Olur","Bilal Sonses, Merve Özbey","turkish","4","pop",FALSE
"92i veyron","Booba","electronic","4","pop",FALSE
"Turn The Tide","Felix Harrer, Jerome","electronic","4","pop",FALSE
"Sun EL Style","Mr Thela","afrobeats","4","pop",FALSE
"Ainvayi Ainvayi","Salim–Sulaiman, Salim Merchant, Sunidhi Chauhan, Amitabh Bhattacharya","indian","4","pop",FALSE
"You Are Great","Moses Bliss, Festizie, Chizie, Neeja, S.O.N Music, Ajay Asika","gospel","4","pop",FALSE
"I'm Coming Home (To See My Mother)","Clifton Chenier","world","4","pop",FALSE
"Champion Sound","Davido, Focalistic","latin","4","pop",FALSE
"Ad Layla","Uzi Bodner","world","4","pop",FALSE
"Cybernetic Love - Vocal","Casco","disco","4","pop",FALSE
"Who Am I","BINYAMIN","world","4","pop",FALSE
"A Luz do Vencedor","Luiz Carlos Da Vila","brazilian","4","pop",FALSE
"Poso Lipame - Remix","Sofia Vebo, Imam Baildi","world","4","pop",FALSE
"Benza, Deus","Luiz Carlos Da Vila","brazilian","4","pop",FALSE
"Menina da Colina","Grupo Fundo De Quintal","brazilian","4","pop",FALSE
"Sultan - Workout Remix","Vishal-Shekhar, Sukhwinder Singh, Shadab Faridi, Irshad Kamil","indian","4","pop",FALSE
"Only One","Nissim Black","world","4","pop",FALSE
"Det Är Slut","Hanna Ferm","pop","4","pop",TRUE
"27","Albin Tingwall","pop","4","pop",TRUE
"Jive Samba","Los Poboycitos","jazz","4","pop",FALSE
"Believe","Eli Skies, Shmuel Zimmer","world","4","pop",FALSE
"Uslanmaz","Samet Kardeşler, Sıla Şahin","turkish","4","pop",FALSE
"Intsango (feat. Marsey, CowBoii, Khalil Harrison, Ceeka RSA & Tyrone Dee)","Tyler ICU, DJ Exit, Khalil Harrison, Marsey, CowBoii, Ceeka RSA, Tyrone Dee","afrobeats","4","pop",FALSE
"Lama Nas Ruas","Almir Guineto","brazilian","4","pop",FALSE
"Idan Chadash","Duvie Shapiro","world","4","pop",FALSE
"Píntame un Son","Putumayo, Dany Martinez & His Charanga","jazz","4","pop",FALSE
"Hallelukah","Yoni Z","world","4","pop",FALSE
"Power","Yoni Z","world","4","pop",FALSE
"B'yeshiva Sheli","Zevi Kaufman","world","4","pop",FALSE
"Another Life - Marten Lou Remix","Naomi Sharon, Marten Lou","electronic","4","pop",FALSE
"ריקוד מנצח","Itzik Orlev","world","4","pop",FALSE
"TE QUIERO","Murda, Dhurata Dora","turkish","4","pop",FALSE
"Elokai","Eli Skies, Dovid Gross","world","4","pop",FALSE
"How to Fly","Jeryko","world","4","pop",FALSE
"Sapatilha 37","Guentaê!","brazilian","4","pop",FALSE
"Banho de Folhas - Maz Remix","Luedji Luna, Maz","electronic","4","pop",FALSE
"Singham Again Title Track (From ""Singham Again"")","Santhosh Venky, Ravi Basrur, Swanand Kirkire","indian","4","pop",FALSE
"Välkommen Åter","Hanna Ferm, Junie","pop","4","pop",TRUE
"Hit Sale","Therapie TAXI, Roméo Elvis","electronic","4","pop",FALSE
"FYN","Rema, AJ Tracey","ambient","4","pop",FALSE
"The Boy Is Mine","James Mac, Vall, Rosalie","electronic","4","pop",FALSE
"Famalay","Skinny Fabulous, Machel Montano, Bunji Garlin","soca","4","pop",FALSE
"Ashira Lashem","Ari Goldwag, Dovid Pearlman","world","4","pop",FALSE
"Lehodos","Yehuda Freundlich","world","4","pop",FALSE
"Jhoome Jo Pathaan","Vishal-Shekhar, Arijit Singh, Sukriti Kakar, Vishal Dadlani, Shekhar Ravjiani, Kumaar","indian","4","pop",FALSE
"Hot Fever Dream","Astrid S","pop","4","pop",TRUE
"Svett","Peg Parnevik","pop","4","pop",TRUE
"Hadi Yavrum","Sinan Akçıl, Ferah Zeydan","turkish","4","pop",FALSE
"Hit The Ground","Lilly Ahlberg","pop","4","pop",TRUE
"Coup de vieux","Bigflo & Oli, Julien Doré","electronic","4","pop",FALSE
"Tattım Ölümü","Ahmet Can Dündar","turkish","4","pop",FALSE
"Still D.R.E.","Dr. Dre, Snoop Dogg","hip-hop","2","hip-hop",TRUE
"FINA","Bad Bunny, Young Miko","latin","2","hip-hop",FALSE
"Gang Baby","NLE Choppa","hip-hop","2","hip-hop",TRUE
"Knife Brows","Dhanda Nyoliwala","hip-hop","2","hip-hop",TRUE
"2055","Sleepy Hallow","gaming","2","hip-hop",FALSE
"Still Not a Player (feat. Joe) - Radio Version","Big Pun, Joe","hip-hop","2","hip-hop",TRUE
"Illegal","Dhanda Nyoliwala","hip-hop","2","hip-hop",TRUE
"Fantasías","J Balvin","latin","2","hip-hop",FALSE
"Hypnotize - 2014 Remaster","The Notorious B.I.G.","hip-hop","2","hip-hop",TRUE
"Buffalo Soldier","Bob Marley & The Wailers","reggae","2","hip-hop",FALSE
"ATLiens","Outkast","hip-hop","2","hip-hop",TRUE
"Dey Play","Burna Boy","ambient","2","hip-hop",FALSE
"Fulete","Cazzu, Brray, Luar La L, Ankhal","latin","2","hip-hop",FALSE
"Sorry Not Sorry","Lil Yachty, Veeze","hip-hop","2","hip-hop",TRUE
"Who's Dat","Silencer, Lil ambush, Lil Shakz, YaroAlways, Kai Nero, Shakes","hip-hop","2","hip-hop",TRUE
"Wow","Tion Wayne","hip-hop","2","hip-hop",TRUE
"Khatta Flow","Seedhe Maut, KR$NA","hip-hop","2","hip-hop",TRUE
"Sifar Safar","Karan Aujla","hip-hop","2","hip-hop",TRUE
"Doo Wop (That Thing)","Ms. Lauryn Hill","hip-hop","2","hip-hop",TRUE
"Maximum Damage (feat. Headie One)","Bnxn, Headie One","ambient","2","hip-hop",FALSE
"All Girls Are The Same","Juice WRLD","arabic","2","hip-hop",FALSE
"Sunny Ade","Zinoleesky","arabic","2","hip-hop",FALSE
"N.Y. State of Mind","Nas","hip-hop","2","hip-hop",TRUE
"NEL","Fuerza Regida","latin","2","hip-hop",FALSE
"Stan","Eminem, Dido","blues","2","hip-hop",FALSE
"Bad and Boujee (feat. Lil Uzi Vert)","Migos, Lil Uzi Vert","hip-hop","2","hip-hop",TRUE
"Account Balance","Mohbad, Zlatan","arabic","2","hip-hop",FALSE
"Baller","Shubh, Ikky","hip-hop","2","hip-hop",TRUE
"Merrily","Lamii","ambient","2","hip-hop",FALSE
"PARIWO","Mohbad, Bella Shmurda","arabic","2","hip-hop",FALSE
"FUTURE//PAST","Remlarr","funk","2","hip-hop",FALSE
"Hallelujah (feat. Lojay)","Giggs, Lojay","ambient","2","hip-hop",FALSE
"VEX","slowthai","hip-hop","2","hip-hop",TRUE
"I Got 5 On It","Luniz, Michael Marshall","hip-hop","2","hip-hop",TRUE
"BAND4BAND (feat. Lil Baby)","Central Cee, Lil Baby","gaming","2","hip-hop",FALSE
"Jamboree","Mr Eazi, Tekno","ambient","2","hip-hop",FALSE
"XO Tour Llif3","Lil Uzi Vert","gaming","2","hip-hop",FALSE
"10 Bottles","Zlatan","arabic","2","hip-hop",FALSE
"Full of Diamonds","YOVNGCHIMI","latin","2","hip-hop",FALSE
"Black & White","Juice WRLD","arabic","2","hip-hop",FALSE
"Russian Bandana","Dhanda Nyoliwala","hip-hop","2","hip-hop",TRUE
"New Born Fela","Bella Shmurda","arabic","2","hip-hop",FALSE
"Whole Lotta Love - 1990 Remaster","Led Zeppelin","rock","2","hip-hop",FALSE
"Fi Kan We Kan","Bnxn, Rema","arabic","2","hip-hop",FALSE
"Chop Time, No Friend","Mr Eazi","ambient","2","hip-hop",FALSE
"Backdoor","Lil Durk","arabic","2","hip-hop",FALSE
"Sticky","Bashy, GRM Daily","hip-hop","2","hip-hop",TRUE
"Oganigwe","Zlatan, ODUMODUBLVCK, Jeriq","arabic","2","hip-hop",FALSE
"Andrea","Bad Bunny, Buscabulla","latin","2","hip-hop",FALSE
"New Woman (feat. ROSALÍA)","LISA, ROSALÍA","gaming","2","hip-hop",FALSE
"HOY COBRÉ","Bad Bunny","latin","2","hip-hop",FALSE
"KILO","Blaqbonez","ambient","2","hip-hop",FALSE
"Shkran Lak","BhadBoi OML","arabic","2","hip-hop",FALSE
"22:23","Don Patricio","latin","2","hip-hop",FALSE
"Tití Me Preguntó","Bad Bunny","latin","2","hip-hop",FALSE
"Verte","Nicki Nicole, Dread Mar I, Bizarrap","world","2","hip-hop",FALSE
"La Corriente","Bad Bunny, Tony Dize","latin","2","hip-hop",FALSE
"Sharpally","Young Jonn","arabic","2","hip-hop",FALSE
"ASAP","Shallipopi","ambient","2","hip-hop",FALSE
"Check Yo Self - Remix","Ice Cube, Das EFX","hip-hop","2","hip-hop",TRUE
"Pa Ti","Bad Bunny, Bryant Myers","hip-hop","2","hip-hop",TRUE
"Culpable","DEVA","latin","2","hip-hop",FALSE
"DIABLITA (feat. YOVNGCHIMI)","Myke Towers, YOVNGCHIMI","latin","2","hip-hop",FALSE
"love lost","Umair, Talha Anjum","hip-hop","2","hip-hop",TRUE
"Nuthin' But A ""G"" Thang","Dr. Dre, Snoop Dogg","hip-hop","2","hip-hop",TRUE
"My Son John","Smokey Bastard","punk","2","hip-hop",FALSE
"WAIT FOR U (feat. Drake & Tems)","Future, Drake, Tems","gaming","2","hip-hop",FALSE
"Ya","Flavio, daniel sabater","latin","2","hip-hop",FALSE
"Shock","Ana Tijoux","latin","2","hip-hop",FALSE
"Candy Shop","50 Cent, Olivia","pop","2","hip-hop",FALSE
"Keisha & Becky - Remix","Russ Millions, Tion Wayne, Aitch, Swarmz, Sav'o, JAY1","hip-hop","2","hip-hop",TRUE
"Mi Condena","Vic Mirallas, MARO","latin","2","hip-hop",FALSE
"NA MONEY (feat. The Cavemen. & Angélique Kidjo)","Davido, The Cavemen., Angelique Kidjo","ambient","2","hip-hop",FALSE
"DUCKWORTH.","Kendrick Lamar","hip-hop","2","hip-hop",TRUE
"one of wun","Gunna","gaming","2","hip-hop",FALSE
"PUFFIN ON ZOOTIEZ","Future","hip-hop","2","hip-hop",TRUE
"Sprinter","Dave, Central Cee","gaming","2","hip-hop",FALSE
"Can I Kick It?","A Tribe Called Quest","hip-hop","2","hip-hop",TRUE
"Still Think About You","A Boogie Wit da Hoodie","hip-hop","2","hip-hop",TRUE
"The Cruel Wars","The Dreadnoughts","punk","2","hip-hop",FALSE
"a otro lado","Natalia Lacunza","latin","2","hip-hop",FALSE
"BAD TILL ETERNITY (feat. Zlatan)","Blaqbonez, Zlatan","arabic","2","hip-hop",FALSE
"Let Me Hold You (feat. Omarion)","Bow Wow, Omarion","blues","2","hip-hop",FALSE
"IDK (feat. Zlatan)","Wizkid, Zlatan","ambient","2","hip-hop",FALSE
"We Paid (feat. 42 Dugg)","Lil Baby, 42 Dugg","hip-hop","2","hip-hop",TRUE
"née-nah","21 Savage, Travis Scott, Metro Boomin","hip-hop","2","hip-hop",TRUE
"Surround Sound (feat. 21 Savage & Baby Tate)","JID, 21 Savage, Baby Tate","gaming","2","hip-hop",FALSE
"Hablar de Ti","Gepe","world","2","hip-hop",FALSE
"100 MILLONES","Bad Bunny, Luar La L","latin","2","hip-hop",FALSE
"Shook Ones, Pt. II","Mobb Deep","hip-hop","2","hip-hop",TRUE
"Superhero (Heroes & Villains) [with Future & Chris Brown]","Metro Boomin, Future, Chris Brown","gaming","2","hip-hop",FALSE
"Trenches","Duke & Jones, Flowdan","hip-hop","2","hip-hop",TRUE
"Hallelujah","LADIPOE, Rozzz, Morrelo","ambient","2","hip-hop",FALSE
"Like That","Future, Metro Boomin, Kendrick Lamar","gaming","2","hip-hop",FALSE
"Born Fi Dis","Balloranking","arabic","2","hip-hop",FALSE
"Energy Gang","D Double E, Sir Spyro","hip-hop","2","hip-hop",TRUE
"¿Puedo parar un instante?","Afroboy","latin","2","hip-hop",FALSE
"let it breathe (feat. Roddy Ricch)","Gunna, Roddy Ricch","hip-hop","2","hip-hop",TRUE
"F.N","Lil Tjay","arabic","2","hip-hop",FALSE
"Insane in the Brain","Cypress Hill","hip-hop","2","hip-hop",TRUE
"Keep Ya Head Up","2Pac","hip-hop","2","hip-hop",TRUE
"6:30","Russ Millions","hip-hop","2","hip-hop",TRUE
"SICKO MODE","Travis Scott","hip-hop","2","hip-hop",TRUE
"Love The Way You Lie","Eminem, Rihanna","blues","2","hip-hop",FALSE
"Ara (Gen Gen Tin)","Bella Shmurda","arabic","2","hip-hop",FALSE
"WOTOWOTO SEASONING (feat. Black Sherif)","ODUMODUBLVCK, Black Sherif","ambient","2","hip-hop",FALSE
"F.N","Lil Tjay","hip-hop","2","hip-hop",TRUE
"Popo","Zerrydl","arabic","2","hip-hop",FALSE
"act n' chill","HPY DAYZ","lofi","2","hip-hop",FALSE
"Ransom (with Juice WRLD) - Remix","Lil Tecca, Juice WRLD","hip-hop","2","hip-hop",TRUE
"Demasia’o de Grande","Tempo","latin","2","hip-hop",FALSE
"Hm Hm hm","Youka","afrobeats","2","hip-hop",FALSE
"Una Nota","J Balvin, Sech","latin","2","hip-hop",FALSE
"Beast & Peace","Mohbad","arabic","2","hip-hop",FALSE
"Yo x Ti, Tu x Mi","ROSALÍA, Ozuna","latin","2","hip-hop",FALSE
"REDBULL","Eladio Carrion, Beny Jr","latin","2","hip-hop",FALSE
"WHATCHU KNO ABOUT ME (feat. Sexyy Red)","GloRilla, Sexyy Red","hip-hop","2","hip-hop",TRUE
"Wickedest","Tems","ambient","2","hip-hop",FALSE
"Dejavu","Seyi Vibez","arabic","2","hip-hop",FALSE
"Only If You Knew","dutchavelli","hip-hop","2","hip-hop",TRUE
"Verde Y Azul (feat. Piero47)","Pablo Chill-E, Piero47","latin","2","hip-hop",FALSE
"Train","Show Dem Camp, The Cavemen., Ruti, Nsikak David","ambient","2","hip-hop",FALSE
"SICKO MODE","Travis Scott","arabic","2","hip-hop",FALSE
"Lose","Wizkid","ambient","2","hip-hop",FALSE
"Paces","Lazlow","jazz","2","hip-hop",FALSE
"Baller","Shubh, Ikky","hip-hop","2","hip-hop",TRUE
"Dey","Shallipopi","ambient","2","hip-hop",FALSE
"Piano Roll","Vancgroover","lofi","2","hip-hop",FALSE
"Ransom","Lil Tecca","gaming","2","hip-hop",FALSE
"Mandela","Mr Eazi","ambient","2","hip-hop",FALSE
"Chill Bae","Lil Uzi Vert","hip-hop","2","hip-hop",TRUE
"BACKBONE","Chase & Status, Stormzy","gaming","2","hip-hop",FALSE
"Un Día Más","Duki, YSY A","hip-hop","2","hip-hop",TRUE
"Yo (Excuse Me Miss)","Chris Brown","r&b","2","hip-hop",FALSE
"Protect Ya Neck","Wu-Tang Clan","hip-hop","2","hip-hop",TRUE
"Laado","MC SQUARE, Hiten","hip-hop","2","hip-hop",TRUE
"Chichihua","Peter Kind","jazz","2","hip-hop",FALSE
"The Viper","BabyChiefDoit","hip-hop","2","hip-hop",TRUE
"C.R.E.A.M. (Cash Rules Everything Around Me)","Wu-Tang Clan","hip-hop","2","hip-hop",TRUE
"Por el Bien de los Dos","Abril Olivera","world","2","hip-hop",FALSE
"Superhero (Heroes & Villains) [with Future & Chris Brown]","Metro Boomin, Future, Chris Brown","hip-hop","2","hip-hop",TRUE
"Godzilla (feat. Juice WRLD)","Eminem, Juice WRLD","gaming","2","hip-hop",FALSE
"El Apagón","Bad Bunny","latin","2","hip-hop",FALSE
"Me Ama Me Odia","Revol, Ozuna, Cosculluela, Arcángel, Brytiago","hip-hop","2","hip-hop",TRUE
"family ties (with Kendrick Lamar)","Baby Keem, Kendrick Lamar","hip-hop","2","hip-hop",TRUE
"LET GO","Central Cee","hip-hop","2","hip-hop",TRUE
"LA NOCHE DE ANOCHE","Bad Bunny, ROSALÍA","latin","2","hip-hop",FALSE
"Love","BarbWalters","funk","2","hip-hop",FALSE
"LOVELY BASTARDS","ZWE1HVNDXR, yatashigang","gaming","2","hip-hop",FALSE
"Hawk Em","Pop Smoke","hip-hop","2","hip-hop",TRUE
"BLESSED","Oxlade, Popcaan","ambient","2","hip-hop",FALSE
"Bolide Noir","Central Cee, JRK 19","hip-hop","2","hip-hop",TRUE
"Magical","Tungevaag, Raaban","pop","2","hip-hop",FALSE
"Fly with Me","サクラSAKURA-LEE","funk","2","hip-hop",FALSE
"Oliver Twist","ArrDee","hip-hop","2","hip-hop",TRUE
"Commitment Issues","Central Cee","hip-hop","2","hip-hop",TRUE
"Yes Indeed","Lil Baby, Drake","hip-hop","2","hip-hop",TRUE
"Yo (Excuse Me Miss)","Chris Brown","blues","2","hip-hop",FALSE
"Chama o Coveiro","Mc Delux, DJ Guih Da ZO","brazilian","2","hip-hop",FALSE
"Their Name Is Jazz","yoranda","lofi","2","hip-hop",FALSE
"COMMEND","ODUMODUBLVCK","ambient","2","hip-hop",FALSE
"Tessera sanitaria (feat. Nerissima Serpe & Papa V)","Night Skinny, Nerissima Serpe, Papa V","hip-hop","2","hip-hop",TRUE
"Downtown","Kouek","funk","2","hip-hop",FALSE
"Boulot","KeBlack, SDM","afrobeats","2","hip-hop",FALSE
"6locc 6a6y","Lil Loaded","hip-hop","2","hip-hop",TRUE
"Only You Freestyle","Headie One, Drake","hip-hop","2","hip-hop",TRUE
"Feel Good Inc.","Gorillaz","punk","2","hip-hop",FALSE
"Big Shark","Russ Millions","hip-hop","2","hip-hop",TRUE
"Sounds Of Summer (with Slightly Stoopid)","The Movement, Slightly Stoopid","reggae","2","hip-hop",FALSE
"Murder","Real Boss, BIG KAY SMG","hip-hop","2","hip-hop",TRUE
"100 Million","DIVINE, Karan Aujla","hip-hop","2","hip-hop",TRUE
"Do For Love","2Pac","hip-hop","2","hip-hop",TRUE
"New Religion","Olamide, Asake","arabic","2","hip-hop",FALSE
"Juicy - 2005 Remaster","The Notorious B.I.G.","hip-hop","2","hip-hop",TRUE
"A1 (Feeling Disorder)","Zinoleesky","arabic","2","hip-hop",FALSE
"Mukulu","Olamide, Rema","arabic","2","hip-hop",FALSE
"NO HAGO MUSIC PA PEGARME","Chill Vif","latin","2","hip-hop",FALSE
"Ready (feat. Gunna)","Lil Baby, Gunna","hip-hop","2","hip-hop",TRUE
"Walk Em Down (feat. Roddy Ricch)","NLE Choppa, Roddy Ricch","arabic","2","hip-hop",FALSE
"hjortron","bomull","lofi","2","hip-hop",FALSE
"WRONG (feat. Lil Mosey)","The Kid LAROI, Lil Mosey","hip-hop","2","hip-hop",TRUE
"Hard Work Pays Off","Future, Juice WRLD","hip-hop","2","hip-hop",TRUE
"Never Ever","Shallipopi","arabic","2","hip-hop",FALSE
"Dior","Shubh","hip-hop","2","hip-hop",TRUE
"Winning Speech","Karan Aujla, Mxrci","hip-hop","2","hip-hop",TRUE
"Te Maceto Depois Do Baile","DJ Zigão, DJ Lafon Do Md, Mc Rodrigo do CN, Mc Rf","brazilian","2","hip-hop",FALSE
"3 Headed Goat (feat. Lil Baby & Polo G)","Lil Durk, Lil Baby, Polo G","hip-hop","2","hip-hop",TRUE
"Vanessa","Albertmp3, Jusjay, Zinoleesky","arabic","2","hip-hop",FALSE
"Abayarde","Tego Calderón","latin","2","hip-hop",FALSE
"DANÇA PRA ME PROVOCAR","DJ JOÃO PEREIRA, MC Koringa","brazilian","2","hip-hop",FALSE
"BIG DEAL","Pink Jagg","hip-hop","2","hip-hop",TRUE
"Mask Off","Future","hip-hop","2","hip-hop",TRUE
"Danger (with DJ Drama, G Herbo & Sugarhill Ddot)","YOVNGCHIMI, DJ Drama, G Herbo, Sugarhill Ddot","latin","2","hip-hop",FALSE
"Portuginies","IShowSpeed","brazilian","2","hip-hop",FALSE
"Your Existence","Wonstein","korean","2","hip-hop",FALSE
"XO Tour Llif3","Lil Uzi Vert","hip-hop","2","hip-hop",TRUE
"Sticky (feat. GloRilla, Sexyy Red & Lil Wayne)","Tyler, The Creator, GloRilla, Sexyy Red, Lil Wayne","hip-hop","2","hip-hop",TRUE
"Leave Me Alone","BigXthaPlug","hip-hop","2","hip-hop",TRUE
"Wow.","Post Malone","hip-hop","2","hip-hop",TRUE
"Holy Shit - Remix","Ankhal, JHAYCO","latin","2","hip-hop",FALSE
"No Te Debí Besar","C. Tangana, Paloma Mami","latin","2","hip-hop",FALSE
"TPL x Fumez The Engineer - Plugged In Freestyle","Fumez The Engineer, OTP, BM, BM X MINI","hip-hop","2","hip-hop",TRUE
"Goodbye (Warm Up)(feat. Asake)","Ayra Starr, Asake","ambient","2","hip-hop",FALSE
"Dame Luz","Brytiago","latin","2","hip-hop",FALSE
"5 O'Clock (feat. Lily Allen & Wiz Khalifa)","T-Pain, Lily Allen, Wiz Khalifa","blues","2","hip-hop",FALSE
"Welcome To Jamrock","Damian Marley","reggae","2","hip-hop",FALSE
"PERRO NEGRO","Bad Bunny, Feid","latin","2","hip-hop",FALSE
"Like That","Future, Metro Boomin, Kendrick Lamar","hip-hop","2","hip-hop",TRUE
"They're Red Hot - SA.2627-1","Robert Johnson","blues","2","hip-hop",FALSE
"Street Jam","Olamide","arabic","2","hip-hop",FALSE
"Donuts","Loomington","lofi","2","hip-hop",FALSE
"Ungrateful","Central Cee","hip-hop","2","hip-hop",TRUE
"NANA","Yung Caza","latin","2","hip-hop",FALSE
"Runnin","21 Savage, Metro Boomin","hip-hop","2","hip-hop",TRUE
"Jatt Zindabad","K.S Makhan, Manpreet Hans, Laddi Gill","indian","2","hip-hop",FALSE
"Pidgin & English","Bnxn","arabic","2","hip-hop",FALSE
"So Sick","Ne-Yo","r&b","2","hip-hop",FALSE
"Righteous Minds","Joey Bada$$","hip-hop","2","hip-hop",TRUE
"Crazy In Love (feat. Jay-Z)","Beyoncé, JAY-Z","pop","2","hip-hop",FALSE
"Redemption & Rage","Radical Redemption, Act of Rage, GLDY LX","electronic","2","hip-hop",FALSE
"Hard Knock Life (Ghetto Anthem)","JAY-Z","hip-hop","2","hip-hop",TRUE
"IDK (feat. Zlatan)","Wizkid, Zlatan","arabic","2","hip-hop",FALSE
"GUCCI FENDI","Justin Quiles, Eladio Carrion","latin","2","hip-hop",FALSE
"BOOKER T","Bad Bunny","hip-hop","2","hip-hop",TRUE
"2MS","Nemzzz","hip-hop","2","hip-hop",TRUE
"Survival of the Fittest","Mobb Deep","hip-hop","2","hip-hop",TRUE
"Problemas de um Milionário","WIU, Teto","hip-hop","2","hip-hop",TRUE
"On Top","Jaykae","hip-hop","2","hip-hop",TRUE
"7 DAYS","Ayo Maff","arabic","2","hip-hop",FALSE
"Normal","Burna Boy","ambient","2","hip-hop",FALSE
"Sabi","Mohbad","arabic","2","hip-hop",FALSE
"Homecoming","Kanye West, Chris Martin","hip-hop","2","hip-hop",TRUE
"Champagne Shots","Sainté","hip-hop","2","hip-hop",TRUE
"Open Sesame (Abracadabra) - D-Block & S-te-Fan Remix","Maddix, Leila K, D-Block & S-te-Fan","electronic","2","hip-hop",FALSE
"Favourite Girl (with Rema)","Darkoo, Rema","afrobeats","2","hip-hop",FALSE
"Òròkórò","Mr Eazi, Angelique Kidjo","ambient","2","hip-hop",FALSE
"Bape (Remix)","Jovaan, KEVVO, Ñengo Flow, Brray, YOVNGCHIMI, Jon Z","latin","2","hip-hop",FALSE
"Laugh","Sarcastic Sounds","lofi","2","hip-hop",FALSE
"Hat-trick","Seyi Vibez","arabic","2","hip-hop",FALSE
"I Dunno (feat. Dutchavelli & Stormzy)","Tion Wayne, dutchavelli, Stormzy","hip-hop","2","hip-hop",TRUE
"QUE PRETENDES","J Balvin, Bad Bunny","latin","2","hip-hop",FALSE
"Showa","Kizz Daniel","ambient","2","hip-hop",FALSE
"Coming for You (feat. A1 x J1)","SwitchOTR, A1 x J1","hip-hop","2","hip-hop",TRUE
"Qué Pasaría...","Rauw Alejandro, Bad Bunny","latin","2","hip-hop",FALSE
"Sweet Little Rainbows","Allen Stone","soul","2","hip-hop",FALSE
"Magot","Werenoi, SCH","hip-hop","2","hip-hop",TRUE
"You Ain't The Only One","Mary J. Blige","soul","2","hip-hop",FALSE
"Darling","D-Block Europe","hip-hop","2","hip-hop",TRUE
"Space","Mario","soul","2","hip-hop",FALSE
"Rebellious","Lil Durk","arabic","2","hip-hop",FALSE
"I Guess","KR$NA","hip-hop","2","hip-hop",TRUE
"#skeptacore pt.2","Ryder, Skepta","hip-hop","2","hip-hop",TRUE
"Hacia Delante (con Chato)","Nicola Cruz, Chato","brazilian","2","hip-hop",FALSE
"Afsanay","Young Stunners, Talha Anjum, Talhah Yunus","hip-hop","2","hip-hop",TRUE
"La Jumpa","Arcángel, Bad Bunny","latin","2","hip-hop",FALSE
"Ready (feat. Gunna)","Lil Baby, Gunna","arabic","2","hip-hop",FALSE
"Low Down","Lil Baby","arabic","2","hip-hop",FALSE
"Bank Account","21 Savage","arabic","2","hip-hop",FALSE
"10 Freaky Girls (with 21 Savage)","Metro Boomin, 21 Savage","arabic","2","hip-hop",FALSE
"Paint The Town Red","Doja Cat","gaming","2","hip-hop",FALSE
"SHUT IT DOWN","LADIPOE, Chocobantis","ambient","2","hip-hop",FALSE
"Q U E V A S H A C E R H O Y ?","Omar Courtz, De La Rose","pop","2","hip-hop",FALSE
"Haryana Hood","Irshad Khan","hip-hop","2","hip-hop",TRUE
"barcelona92","Green Montana, SDM","hip-hop","2","hip-hop",TRUE
"Drip Too Hard (Lil Baby & Gunna)","Lil Baby, Gunna","hip-hop","2","hip-hop",TRUE
"EVERY CHANCE I GET (feat. Lil Baby & Lil Durk)","DJ Khaled, Lil Baby, Lil Durk","arabic","2","hip-hop",FALSE
"COMPOZURE","Timaya","ambient","2","hip-hop",FALSE
"Una Cumbia Triste","Rels B","world","2","hip-hop",FALSE
"Blow for Blow (feat. J. Cole)","Tee Grizzley, J. Cole","hip-hop","2","hip-hop",TRUE
"Both Ways","WMC","latin","2","hip-hop",FALSE
"The Largest","BigXthaPlug","hip-hop","2","hip-hop",TRUE
"Te Quiodio","Pol Granch","latin","2","hip-hop",FALSE
"Whatever Man","CHANCE デラソウル","funk","2","hip-hop",FALSE
"Christopher Walking","Pop Smoke","hip-hop","2","hip-hop",TRUE
"Cristina (feat. Shelow Shaq)","Maffio, Justin Quiles, Nacho, Shelow Shaq","latin","2","hip-hop",FALSE
"Papa","Bigflo & Oli, Fabian Ordonez","electronic","2","hip-hop",FALSE
"Ratata - Outsiders Remix","La Fuente, Outsiders","electronic","2","hip-hop",FALSE
"Aller sans retour","Zola, Koba LaD","hip-hop","2","hip-hop",TRUE
"Night Cross","Zai Kowen, Brayan Rojitas","funk","2","hip-hop",FALSE
"BAND4BAND (feat. Lil Baby)","Central Cee, Lil Baby","arabic","2","hip-hop",FALSE
"I Only Smoke When I Drink","nimino","electronic","2","hip-hop",FALSE
"Flowers (Say My Name)","ArrDee","hip-hop","2","hip-hop",TRUE
"Stasis","BarbWalters","funk","2","hip-hop",FALSE
"Rucón","Alemán","latin","2","hip-hop",FALSE
"Energy","Niniola","ambient","2","hip-hop",FALSE
"Si Se Da - Remix","Myke Towers, Farruko, Arcángel, Sech, Zion","latin","2","hip-hop",FALSE
"Nunca Estoy","C. Tangana","latin","2","hip-hop",FALSE
"Loading","Central Cee","hip-hop","2","hip-hop",TRUE
"Fi Kan We Kan","Bnxn, Rema","afrobeats","2","hip-hop",FALSE
"Realize","Balloranking, Seyi Vibez","arabic","2","hip-hop",FALSE
"Confianza","Micro TDH","world","2","hip-hop",FALSE
"Ferxxoko","Joyce Santana, Feid","latin","2","hip-hop",FALSE
"Khabib","Central Cee","hip-hop","2","hip-hop",TRUE
"Rich Spirit","Kendrick Lamar","hip-hop","2","hip-hop",TRUE
"Final Answer (feat. Popcaan)","Bnxn, Popcaan","ambient","2","hip-hop",FALSE
"Sequência dos Bailes Funk","DJ VM 22","brazilian","2","hip-hop",FALSE
"Casanova","Soolking, Gazo","electronic","2","hip-hop",FALSE
"Coffin","Lil Yachty","hip-hop","2","hip-hop",TRUE
"Sarpanchi","Kulwinder Kaily, Gurlez Akhtar","indian","2","hip-hop",FALSE
"Mal","SAG, Lvtin Mvfia","latin","2","hip-hop",FALSE
"Wants and Needs (feat. Lil Baby)","Drake, Lil Baby","hip-hop","2","hip-hop",TRUE
"Chill Bae","Lil Uzi Vert","hip-hop","2","hip-hop",TRUE
"Vete","Bad Bunny","latin","2","hip-hop",FALSE
"Tekky","Chip, Frisco, K-Trap, Krept","hip-hop","2","hip-hop",TRUE
"Quest For Coin II","Ezra Collective, Jme, Swindle","hip-hop","2","hip-hop",TRUE
"Ambition For Cash","Key Glock","hip-hop","2","hip-hop",TRUE
"Hey Hou","DJ Guih Da ZO, Mc Delux","brazilian","2","hip-hop",FALSE
"Uma Cavala Mesmo","MC Meno K, MC Cria, Dj Matheus Silva","brazilian","2","hip-hop",FALSE
"Ela Joga na Hora","Mc Pogba, DJ Guih Da ZO","brazilian","2","hip-hop",FALSE
"Soak Garri","Boj, Knucks, Tay Iwar","ambient","2","hip-hop",FALSE
"MANON B","Tiakola, Ryflo, Oskoow","electronic","2","hip-hop",FALSE
"Devil Wears White","Larry Gaaga, Patoranking, ODUMODUBLVCK","ambient","2","hip-hop",FALSE
"Open Bareta","Skiibii, Don Jazzy","ambient","2","hip-hop",FALSE
"On Me","Lil Baby","hip-hop","2","hip-hop",TRUE
"WHINE IN BRAZIL FUNK","Ichiss","brazilian","2","hip-hop",FALSE
"Normally (feat. NSG)","JAE5, NSG","ambient","2","hip-hop",FALSE
"Last Time","Zinoleesky, Omah Lay","ambient","2","hip-hop",FALSE
"Marhaba","Kizz Daniel","ambient","2","hip-hop",FALSE
"Half Breed - Remix","DJ Shub","world","2","hip-hop",FALSE
"Replay","Tems","latin","2","hip-hop",FALSE
"IVIMA","Shake Da Block, 0contactos","latin","2","hip-hop",FALSE
"AL CAPONE","Eladio Carrion","latin","2","hip-hop",FALSE
"Can I Kick It?","A Tribe Called Quest","hip-hop","2","hip-hop",TRUE
"M4","Teto, Matuê","hip-hop","2","hip-hop",TRUE
"WAIT FOR U (feat. Drake & Tems)","Future, Drake, Tems","latin","2","hip-hop",FALSE
"You Go Know","Ajebo Hustlers","ambient","2","hip-hop",FALSE
"Detox","Lil Baby","arabic","2","hip-hop",FALSE
"Me Acostumbre (feat. Bad Bunny)","Arcángel, Bad Bunny","hip-hop","2","hip-hop",TRUE
"Nuthin' But A ""G"" Thang","Dr. Dre, Snoop Dogg","hip-hop","2","hip-hop",TRUE
"Patrón","Big Soto, Neutro Shorty, De La Ghetto, Noriel","latin","2","hip-hop",FALSE
"Skeem Set, Pt. 2","Milli Major, Jme, Scorcher, SeriousXSyikes, Crazy Titch","hip-hop","2","hip-hop",TRUE
"Energy","Wizkid","ambient","2","hip-hop",FALSE
"QLONA","KAROL G, Peso Pluma","latin","2","hip-hop",FALSE
"2 Slippery (feat. BossMan Dlow)","Luh Tyler, BossMan Dlow","hip-hop","2","hip-hop",TRUE
"Eyes on Me","Skepta","hip-hop","2","hip-hop",TRUE
"Champagne Shots","Sainté","hip-hop","2","hip-hop",TRUE
"Move Around","Zmeyev, flowless","jazz","2","hip-hop",FALSE
"No Love","Eminem, Lil Wayne","blues","2","hip-hop",FALSE
"My Friend","Bella Shmurda","arabic","2","hip-hop",FALSE
"Eliyahu Hanavi","K3LZ, Avi Abikhzer","world","2","hip-hop",FALSE
"Stuttering","P Money, Silencer, Chip, Dizzee Rascal, D Double E","hip-hop","2","hip-hop",TRUE
"Muerte En Hawaii","Calle 13","world","2","hip-hop",FALSE
"Majo","Dj 4kerty, Bella Shmurda","arabic","2","hip-hop",FALSE
"Hurdy Gurdy","Big Narstie, Sir Spyro","hip-hop","2","hip-hop",TRUE
"Stubborn (with Asake)","Victony, Asake","ambient","2","hip-hop",FALSE
"Kaun Talha","Talha Anjum, Umair","hip-hop","2","hip-hop",TRUE
"Ailleurs","Josman","hip-hop","2","hip-hop",TRUE
"Jordan","Ryan Castro","latin","2","hip-hop",FALSE
"Maturidade","KayBlack, Wall Hein, AMUSIK","hip-hop","2","hip-hop",TRUE
"6.45i","SCH","electronic","2","hip-hop",FALSE
"Stay Ready (What A Life)","Jhené Aiko, Kendrick Lamar","r&b","2","hip-hop",FALSE
"NO SLEEP $$$ (feat. Young Jonn)","Blaqbonez, Young Jonn","arabic","2","hip-hop",FALSE
"Loading","Central Cee","hip-hop","2","hip-hop",TRUE
"6 BUSINESS DAYS (feat. Projexx)","Blaqbonez, Projexx","ambient","2","hip-hop",FALSE
"Andrea","Bad Bunny, Buscabulla","latin","2","hip-hop",FALSE
"CORLEONE (feat. ODUMODUBLVCK & Steel Banglez)","NSG, Steel Banglez, ODUMODUBLVCK","ambient","2","hip-hop",FALSE
"Merco Benz","Key Largo","hip-hop","2","hip-hop",TRUE
"In My Bed","Rotimi, Wale","latin","2","hip-hop",FALSE
"Eyes Red","Lil Durk, Only The Family","hip-hop","2","hip-hop",TRUE
"Welcome To Jamrock","Damian Marley","reggae","2","hip-hop",FALSE
"LA CANCIÓN","J Balvin, Bad Bunny","latin","2","hip-hop",FALSE
"All I Want Is You","October London, Boney James","soul","2","hip-hop",FALSE
"Sticky (feat. GloRilla, Sexyy Red & Lil Wayne)","Tyler, The Creator, GloRilla, Sexyy Red, Lil Wayne","pop","2","hip-hop",FALSE
"Ain't It Different (feat. AJ Tracey & Stormzy)","Headie One, AJ Tracey, Stormzy","hip-hop","2","hip-hop",TRUE
"Chaque matin","Key Largo, LEDG","hip-hop","2","hip-hop",TRUE
"Hit The Floor","Bloodlust, Holy Priest","electronic","2","hip-hop",FALSE
"Kamikaze (feat. Victor Mendivil)","Natanael Cano, Uriel Gaxiola, Ganggy, Victor Mendivil","latin","2","hip-hop",FALSE
"Mambo No. 5 (a Little Bit of...)","Lou Bega","pop","2","hip-hop",FALSE
"TESLA BOY (feat. Blaqbonez)","ODUMODUBLVCK, Blaqbonez","ambient","2","hip-hop",FALSE
"Hot Mess","aespa","k-pop","2","hip-hop",FALSE
"Break Me Down","Wizkid","ambient","2","hip-hop",FALSE
"Khé?","Rauw Alejandro, Romeo Santos","latin","2","hip-hop",FALSE
"AirForce","DigDat","hip-hop","2","hip-hop",TRUE
"Love Yourz","J. Cole","hip-hop","2","hip-hop",TRUE
"In My Bed","Rotimi, Wale","ambient","2","hip-hop",FALSE
"Location (feat. Burna Boy)","Dave, Burna Boy","ambient","2","hip-hop",FALSE
"MASQUERADE (feat. M24)","Blaqbonez, M24","ambient","2","hip-hop",FALSE
"Q U E V A S H A C E R H O Y ?","Omar Courtz, De La Rose","latin","2","hip-hop",FALSE
"Higher","Tems","ambient","2","hip-hop",FALSE
"UN PESO","J Balvin, Bad Bunny, Marciano Cantero","latin","2","hip-hop",FALSE
"Replay","Tems","ambient","2","hip-hop",FALSE
"Loto","Sunny Laurent, 93bustdown, Scottie","latin","2","hip-hop",FALSE
"Advice","Mr Eazi","ambient","2","hip-hop",FALSE
"Baby (Lil Baby feat. DaBaby)","Quality Control, Lil Baby, DaBaby","arabic","2","hip-hop",FALSE
"Rubicon Drill","Laddi Chahal, Parmish Verma, Gurlez Akhtar","hip-hop","2","hip-hop",TRUE
"3 Headed Goat (feat. Lil Baby & Polo G)","Lil Durk, Lil Baby, Polo G","arabic","2","hip-hop",FALSE
"Thought I Was Dead (feat. ScHoolboy Q & Santigold)","Tyler, The Creator, ScHoolboy Q, Santigold","hip-hop","2","hip-hop",TRUE
"Start Am","Shallipopi","ambient","2","hip-hop",FALSE
"the things that bring me joy","Luca","electronic","2","hip-hop",FALSE
"UK Rap","Dave, Central Cee","hip-hop","2","hip-hop",TRUE
"Starboy","The Weeknd, Daft Punk","pop","2","hip-hop",FALSE
"U Can't Do That","IZZY MEOCK","hip-hop","2","hip-hop",TRUE
"Delincuente","Farruko, Anuel AA, Kendo Kaponi","latin","2","hip-hop",FALSE
"AZONTO","NSG","ambient","2","hip-hop",FALSE
"I'm Attached To You","ED.","funk","2","hip-hop",FALSE
"新時代 - ウタ from ONE PIECE FILM RED","Ado","j-pop","2","hip-hop",FALSE
"NISSAN ALTIMA","Doechii","hip-hop","2","hip-hop",TRUE
"Clash (feat. Stormzy)","Dave, Stormzy","hip-hop","2","hip-hop",TRUE
"The Girl I Haven't Met (Biskwiq Flip)","Kudasaibeats, Biskwiq","lofi","2","hip-hop",FALSE
"Bent (with Kyle Richh, Jenn Carter & TaTa)","41, Kyle Richh, Jenn Carter, TaTa","hip-hop","2","hip-hop",TRUE
"First Person Shooter (feat. J. Cole)","Drake, J. Cole","gaming","2","hip-hop",FALSE
"Trance (with Travis Scott & Young Thug)","Metro Boomin, Travis Scott, Young Thug","arabic","2","hip-hop",FALSE
"Talibans II","Burna Boy, Byron Messia","ambient","2","hip-hop",FALSE
"En Verano","Gabriela Richardson","latin","2","hip-hop",FALSE
"Not Giving You Up","Rules","electronic","2","hip-hop",FALSE
"Bandoleros","Don Omar, Tego Calderón","latin","2","hip-hop",FALSE
"Come Alive","Olamide, Bnxn","ambient","2","hip-hop",FALSE
"EU BEM QUE TE AVISEI - TU EMPINOU ELE PEI","Mc Delux, DJ ABDO, CLUB DA DZ7","brazilian","2","hip-hop",FALSE
"Took Her To The O","King Von","hip-hop","2","hip-hop",TRUE
"Yuu-Huu","Night Tempo, JEF","funk","2","hip-hop",FALSE
"Your Face","Evol December, Duccbod","latin","2","hip-hop",FALSE
"Normally","Joeboy, Bnxn, ODUMODUBLVCK","ambient","2","hip-hop",FALSE
"8 Raflaan (feat. Gurlez Akhtar)","Mankirt Aulakh, Gurlez Akhtar","indian","2","hip-hop",FALSE
"Exit","Mr Eazi, Soweto Gospel Choir","ambient","2","hip-hop",FALSE
"Gbemidebe","Boj, Ajebutter22","ambient","2","hip-hop",FALSE
"The Business","Tiësto","electronic","2","hip-hop",FALSE
"Den som e den","Molly Sandén","pop","2","hip-hop",FALSE
"Sunset On The Shore","Android Apartment","funk","2","hip-hop",FALSE
"Antes de Morirme (Remix)","GA","latin","2","hip-hop",FALSE
"Jogadinha do Paqueta","Mc Rf, Dj Kaio VDM","brazilian","2","hip-hop",FALSE
"Around The World","Niklas Dee, René Miller","electronic","2","hip-hop",FALSE
"Time Machine","Chris Holsten","pop","2","hip-hop",FALSE
"Petit génie","Jungeli, Imen Es, Alonzo, Abou Debeing, Lossa","electronic","2","hip-hop",FALSE
"Dabde Ni","Ammy Virk","indian","2","hip-hop",FALSE
"Pure Cocaine","Lil Baby","hip-hop","2","hip-hop",TRUE
"Bigger - odogwu","Prinx Emmanuel","gospel","2","hip-hop",FALSE
"I'm an Albatraoz","AronChupa, Little Sis Nora","electronic","2","hip-hop",FALSE
"Party Don't Stop","Bnxn","arabic","2","hip-hop",FALSE
"Hoopty","The ART MuZeum","hip-hop","2","hip-hop",TRUE
"Martin & Gina","Polo G","hip-hop","2","hip-hop",TRUE
"Time After Time","Paratone","electronic","2","hip-hop",FALSE
"Don't You Cry","ROC","hip-hop","2","hip-hop",TRUE
"EVERY CHANCE I GET (feat. Lil Baby & Lil Durk)","DJ Khaled, Lil Baby, Lil Durk","hip-hop","2","hip-hop",TRUE
"Forte Forte de Lacoste - Pra Começar o Final de Semana","DJ Jeeh FDC, MC LCKaiique, MC Celo BK, DJ Menezes, DJ Arana, Mc Yoshi","brazilian","2","hip-hop",FALSE
"Today","Ibquake","gospel","2","hip-hop",FALSE
"Tapwe","Boogey the Beat, Young Spirit, Drezus, Pj Vegas","world","2","hip-hop",FALSE
"Jingle Bell","MC Teteu","brazilian","2","hip-hop",FALSE
"Los Palos","De La Ghetto, Luar La L, YOVNGCHIMI","latin","2","hip-hop",FALSE
"Upset (feat. Tommy Richman & FELIX!)","Brent Faiyaz, FELIX!, Tommy Richman","r&b","2","hip-hop",FALSE
"Ingen annan","Niello, Lisa Ajax","pop","2","hip-hop",FALSE
"Fountains (with Tems)","Drake, Tems","latin","2","hip-hop",FALSE
"fruta verde","Mirá","lofi","2","hip-hop",FALSE
"Wake Up & Bake Up","Duki, Wiz Khalifa, Arcángel","hip-hop","2","hip-hop",TRUE
"Survival of the Fittest","Mobb Deep","hip-hop","2","hip-hop",TRUE
"Lever","Vusic, Zinoleesky","arabic","2","hip-hop",FALSE
"If I Ruled the World (Imagine That) (feat. Lauryn Hill)","Nas, Ms. Lauryn Hill","hip-hop","2","hip-hop",TRUE
"Doomsday","MF DOOM, Pebbles The Invisible Girl","hip-hop","2","hip-hop",TRUE
"Ms. Fat Booty","Mos Def","hip-hop","2","hip-hop",TRUE
"Back On","Quality Control, Lil Baby","arabic","2","hip-hop",FALSE
"Intergalactic - Remastered 2009","Beastie Boys","hip-hop","2","hip-hop",TRUE
"Knife Brows","Dhanda Nyoliwala","hip-hop","2","hip-hop",TRUE
"Efejoku","Lil Kesh","arabic","2","hip-hop",FALSE
"Personal","Zinoleesky","ambient","2","hip-hop",FALSE
"Roxanne","The Police","rock","2","hip-hop",FALSE
"Must Be Bored","Big Zuu, D7, Crafty 893, Drifter","hip-hop","2","hip-hop",TRUE
"Full Clip","Gang Starr","hip-hop","2","hip-hop",TRUE
"Incapable","Jewel Usain, Béesau, Hedges","electronic","2","hip-hop",FALSE
"Who Shot Ya? - 2005 Remaster","The Notorious B.I.G.","hip-hop","2","hip-hop",TRUE
"12 Bande","Varinder Brar","hip-hop","2","hip-hop",TRUE
"Twinz (feat. Fat Joe)","Big Pun, Fat Joe","hip-hop","2","hip-hop",TRUE
"Notes pour trop tard (feat. Ibeyi)","Orelsan, Ibeyi","electronic","2","hip-hop",FALSE
"DON'T SLEEP","Slaughterhouse, N-Vitral, Deadly Guns","electronic","2","hip-hop",FALSE
"Bou","Danny Palgon","world","2","hip-hop",FALSE
"Ride Or Die","Ran-D, Rebelion","electronic","2","hip-hop",FALSE
"What You Want (feat. Total)","Mase, Total","hip-hop","2","hip-hop",TRUE
"Disconnect","Young Jonn","arabic","2","hip-hop",FALSE
"Dreams II","Ajebo Hustlers, Zlatan, Blaqbonez","ambient","2","hip-hop",FALSE
"Shazam","Seyi Vibez","arabic","2","hip-hop",FALSE
"YA YA","Beyoncé","soul","2","hip-hop",FALSE
"Fusil","SCH","electronic","2","hip-hop",FALSE
"AREA BOYZ PRAYER (feat. Seyi Vibez)","NSG, Seyi Vibez","ambient","2","hip-hop",FALSE
"Ocean Prime (feat. Boldy James)","The Alchemist, Boldy James","hip-hop","2","hip-hop",TRUE
"100","Shallipopi","ambient","2","hip-hop",FALSE
"IC3 (feat. Skepta) - Single Version","Ghetts, Skepta","hip-hop","2","hip-hop",TRUE
"No Love (with SZA)","Summer Walker, SZA","r&b","2","hip-hop",FALSE
"Nikes on My Feet","Mac Miller","hip-hop","2","hip-hop",TRUE
"Righteous Minds","Joey Bada$$","hip-hop","2","hip-hop",TRUE
"TEMPTATION","Joey Bada$$","hip-hop","2","hip-hop",TRUE
"They Should've Let Me Host Family Feud","Engelwood","funk","2","hip-hop",FALSE
"HELLO TODAY!!","yuugen","funk","2","hip-hop",FALSE
"Fi Kan We Kan","Bnxn, Rema","afrobeats","2","hip-hop",FALSE
"Velitas","Darell, Brytiago","latin","2","hip-hop",FALSE
"Neighbors","J. Cole","hip-hop","2","hip-hop",TRUE
"You","Lloyd, Lil Wayne","r&b","2","hip-hop",FALSE
"Callaita","Bad Bunny, Tainy","latin","2","hip-hop",FALSE
"Dior","Pop Smoke","hip-hop","2","hip-hop",TRUE
"We Paid (feat. 42 Dugg)","Lil Baby, 42 Dugg","arabic","2","hip-hop",FALSE
"Les Flammes","Josman","hip-hop","2","hip-hop",TRUE
"On Me","Lil Baby","arabic","2","hip-hop",FALSE
"Slow (feat. Anaïs Cardot)","Wizkid, Anaïs Cardot","ambient","2","hip-hop",FALSE
"FCK DAT!","Rooler, Kronos","electronic","2","hip-hop",FALSE
"Pinterest","Phyno, NSG","ambient","2","hip-hop",FALSE
"Yes Indeed","Lil Baby, Drake","arabic","2","hip-hop",FALSE
"Drip Too Hard (Lil Baby & Gunna)","Lil Baby, Gunna","arabic","2","hip-hop",FALSE
"KUBOLOR (feat. Amaarae)","ODUMODUBLVCK, Amaarae","ambient","2","hip-hop",FALSE
"Melody Of The World","Dimitri Vegas & Like Mike, Loic D, Ronald-V","electronic","2","hip-hop",FALSE
"Reggae & Calypso (Russ Millions x Buni x YV)","Russ Millions, Buni, YV","hip-hop","2","hip-hop",TRUE
"T'as peur","Aya Nakamura, Myke Towers","electronic","2","hip-hop",FALSE
"Baruch Hashem","Zusha, Pumpidisa, Matt Dubb","world","2","hip-hop",FALSE
"DEGENERE 👑 (feat. benny blanco)","Myke Towers, benny blanco","pop","2","hip-hop",FALSE
"WAIT FOR U (feat. Drake & Tems)","Future, Drake, Tems","ambient","2","hip-hop",FALSE
"All I Want Is You [Feat. October London]","Boney James, October London","soul","2","hip-hop",FALSE
"CP_009_ Évidemment","Orelsan, Angèle","electronic","2","hip-hop",FALSE
"Back on the Road (feat. Lil Wayne)","Cordae, Lil Wayne","hip-hop","2","hip-hop",TRUE
"My Life","Bnxn","ambient","2","hip-hop",FALSE
"Doja","Central Cee","gaming","2","hip-hop",FALSE
"Doja","Central Cee","hip-hop","2","hip-hop",TRUE
"Try","T.I BLAZE","arabic","2","hip-hop",FALSE
"Legend","Venture Klan, Tacitoak, Li Pierre","hip-hop","2","hip-hop",TRUE
"DOLLERZ (feat. ODUMODUBLVCK)","Blaqbonez, ODUMODUBLVCK","ambient","2","hip-hop",FALSE
"Sungba (feat. Burna Boy) - Remix","Asake, Burna Boy","latin","2","hip-hop",FALSE
"Dame","Felix Rovitto","latin","2","hip-hop",FALSE
"Favourite Girl (with Rema)","Darkoo, Rema","afrobeats","2","hip-hop",FALSE
"GATÚBELA","KAROL G, Maldy","latin","2","hip-hop",FALSE
"Call on Me - Radio Mix","Eric Prydz","pop","2","hip-hop",FALSE
"Both Ways","Juice WRLD","hip-hop","2","hip-hop",TRUE
"No Love In Lagos","Show Dem Camp, The Cavemen., Nsikak David","ambient","2","hip-hop",FALSE
"Soltera - W Sound 01","W Sound, Blessd, Ovy On The Drums","latin","2","hip-hop",FALSE
"Mask Off","Future","hip-hop","2","hip-hop",TRUE
"REI DO BRASIL","Seek","brazilian","2","hip-hop",FALSE
"Dolores","Choclock","latin","2","hip-hop",FALSE
"Back in Blood (feat. Lil Durk)","Pooh Shiesty, Lil Durk","hip-hop","2","hip-hop",TRUE
"BAND4BAND (feat. Lil Baby)","Central Cee, Lil Baby","hip-hop","2","hip-hop",TRUE
"40%","Aya Nakamura","electronic","2","hip-hop",FALSE
"Hardcore","Olamide","ambient","2","hip-hop",FALSE
"In Too Deep","WEEKLESS, WEDONT, ROBINS","electronic","2","hip-hop",FALSE
"Cacería","Yarea","latin","2","hip-hop",FALSE
"Gangnam Style (강남스타일)","PSY","pop","2","hip-hop",FALSE
"PICANTO","ODUMODUBLVCK, Zlatan, ECko Miles","ambient","2","hip-hop",FALSE
"Hm Hm hm","Youka","afrobeats","2","hip-hop",FALSE
"Vai Com Bundão","MC Meno K, Ricky Ribeiro","brazilian","2","hip-hop",FALSE
"For Days","Bnxn","arabic","2","hip-hop",FALSE
"Ambiance à l'africaine","Magic System","electronic","2","hip-hop",FALSE
"It's Good to See You Again!!","Adrianwave","funk","2","hip-hop",FALSE
"Killa","Dilpreet Dhillon, Sultaan, Desi Crew","indian","2","hip-hop",FALSE
"Estoy que muerdo","Santi Pidal","latin","2","hip-hop",FALSE
"Breaking Me","Topic, A7S","electronic","2","hip-hop",FALSE
"ESSE HIT É CHICLETE VS É VUK VUK TIK TOK","DJ MESQUITA DE NV","brazilian","2","hip-hop",FALSE
"Neva Cared","Polo G","hip-hop","2","hip-hop",TRUE
"Não é Uma Beleza","Rand0m, GV Cunha, DJ Guilherme","brazilian","2","hip-hop",FALSE
"Sada Daur","Dhira Gill, Aman Hayer, Saab Pangota","indian","2","hip-hop",FALSE
"My Dealer","KAESTYLE, Omah Lay","ambient","2","hip-hop",FALSE
"Abu Dhabi","Seyi Vibez","ambient","2","hip-hop",FALSE
"Synchro System (feat. Pheelz, Young Jonn & Lil Kesh)","Olamide, Pheelz, Young Jonn, Lil Kesh","ambient","2","hip-hop",FALSE
"All Girls Are The Same","Juice WRLD","hip-hop","2","hip-hop",TRUE
"Did It Again","Lil Tecca","hip-hop","2","hip-hop",TRUE
"Se Voce Nao Quer Passa a Vez","Mc Delux, DJ Guih Da ZO","brazilian","2","hip-hop",FALSE
"Automotivo Super Mario World 2","DJ NK3","brazilian","2","hip-hop",FALSE
"GOSSIP","Killloane","hip-hop","2","hip-hop",TRUE
"Plan B","M.I. Abaga","ambient","2","hip-hop",FALSE
"MANON B","Tiakola, Ryflo, Oskoow","electronic","2","hip-hop",FALSE
"Good Life {Freestyle}","Zlatan","ambient","2","hip-hop",FALSE
"MTG QUEM NÃO QUER SOU EU","DJ TOPO, Seu Jorge, Mc Leozin, MC G15","brazilian","2","hip-hop",FALSE
"Khé?","Rauw Alejandro, Romeo Santos","pop","2","hip-hop",FALSE
"Hell N Back","Bakar","rock","2","hip-hop",FALSE
"2 Times","Dimitri Vegas, Steve Aoki, Ann Lee, Sound Of Legend","electronic","2","hip-hop",FALSE
"NEW CHOP","Malone the Chemist","hip-hop","2","hip-hop",TRUE
"HOV","Rema","ambient","2","hip-hop",FALSE
"Pidgin & English","Bnxn","ambient","2","hip-hop",FALSE
"Je M'appelle","Benzz","hip-hop","2","hip-hop",TRUE
"Lagos Love Story","Ayra Starr","ambient","2","hip-hop",FALSE
"Surround Sound (feat. 21 Savage & Baby Tate)","JID, 21 Savage, Baby Tate","hip-hop","2","hip-hop",TRUE
"Lo Hecho Hecho Esta","Tego Calderón, Chyno Nyno, Voltio, Pirulo, Ñejo","latin","2","hip-hop",FALSE
"5th Avenue","Trinix","electronic","2","hip-hop",FALSE
"Pana","Tekno","ambient","2","hip-hop",FALSE
"Hard Beat","TNT, Darren Styles, Technoboy, Tuneboy","electronic","2","hip-hop",FALSE
"Ifunanya","Prinx Emmanuel, Limoblaze","gospel","2","hip-hop",FALSE
"So Sick","Ne-Yo","blues","2","hip-hop",FALSE
"93 'Til Infinity","Souls Of Mischief","hip-hop","2","hip-hop",TRUE
"Tout oublier","Angèle, Roméo Elvis","electronic","2","hip-hop",FALSE
"3:59 AM","DIVINE","hip-hop","2","hip-hop",TRUE
"infinity (888) - feat. Joey Bada$$","XXXTENTACION, Joey Bada$$","hip-hop","2","hip-hop",TRUE
"Mukulu","Bnxn","arabic","2","hip-hop",FALSE
"Keep Ya Head Up","2Pac","hip-hop","2","hip-hop",TRUE
"Walk in the Park","NogEgg","lofi","2","hip-hop",FALSE
"Could've Been (feat. Bryson Tiller)","H.E.R., Bryson Tiller","r&b","2","hip-hop",FALSE
"Electric Relaxation","A Tribe Called Quest","hip-hop","2","hip-hop",TRUE
"Roll in Peace (feat. XXXTENTACION)","Kodak Black, XXXTENTACION","arabic","2","hip-hop",FALSE
"En plein océan","Jewel Usain","electronic","2","hip-hop",FALSE
"WELCOME 2 DA RECORDSHOP","Rooler","electronic","2","hip-hop",FALSE
"Iniesta Flow","namesbliss, scruz","hip-hop","2","hip-hop",TRUE
"Pop Out (feat. Lil Tjay)","Polo G, Lil Tjay","arabic","2","hip-hop",FALSE
"Pure Cocaine","Lil Baby","arabic","2","hip-hop",FALSE
"Got Your Money (feat. Kelis)","Ol' Dirty Bastard, Kelis","hip-hop","2","hip-hop",TRUE
"MYWAY!","ROMderful, KayFaraway","hip-hop","2","hip-hop",TRUE
"Drippy","Sidhu Moose Wala, Mxrci, AR Paisley","hip-hop","2","hip-hop",TRUE
"My Brother","Bella Shmurda","arabic","2","hip-hop",FALSE
"No Diggity","Blackstreet, Dr. Dre, Queen Pen","pop","2","hip-hop",FALSE
"Energy","Wizkid","arabic","2","hip-hop",FALSE
"Faut pas","PLK, Jul","hip-hop","2","hip-hop",TRUE
"Id.Me","Rybeena","arabic","2","hip-hop",FALSE
"Bande organisée","Kofs, Soso Maness, Elams, Jul, SCH, Naps, Solda, Houari, 13 Organisé","electronic","2","hip-hop",FALSE
"LIKE ICE SPICE","Blaqbonez","ambient","2","hip-hop",FALSE
"Show Me","Joey Bada$$","hip-hop","2","hip-hop",TRUE
"Safaera","Bad Bunny, Jowell & Randy, Ñengo Flow","latin","2","hip-hop",FALSE
"Shake It","Trillary Banks","hip-hop","2","hip-hop",TRUE
"ATLiens","Outkast","hip-hop","2","hip-hop",TRUE
"Do For Love","2Pac","hip-hop","2","hip-hop",TRUE
"Milki","Akapellah","latin","2","hip-hop",FALSE
"Excuses - 2023 Remaster","Tupperwave, Meltnet","funk","2","hip-hop",FALSE
"Last Time","Zinoleesky, Omah Lay","arabic","2","hip-hop",FALSE
"Street Jam","Olamide","ambient","2","hip-hop",FALSE
"Tubarão Te Amo","Dj LK da Escócia, Tchakabum, MC Ryan SP, mc jhenny, Mc RF","brazilian","2","hip-hop",FALSE
"Night Driver","Rosemary beats","jazz","2","hip-hop",FALSE
"Dangerous","Basswell, So Juice","electronic","2","hip-hop",FALSE
"Popori","T.I BLAZE, Balloranking","arabic","2","hip-hop",FALSE
"100 Shots","Young Dolph","hip-hop","2","hip-hop",TRUE
"Hard Fete","Bunji Garlin","soca","2","hip-hop",FALSE
"Qué Pasaría...","Rauw Alejandro, Bad Bunny","pop","2","hip-hop",FALSE
"從未見過的海 (Netflix 影集《影后》序曲)","告五人","mandopop","2","hip-hop",FALSE
"DOWN DOWN","Sickmode, Rooler","electronic","2","hip-hop",FALSE
"Whine & Kotch","J Capri, Charly Black","soca","2","hip-hop",FALSE
"VIBES","Favé","hip-hop","2","hip-hop",TRUE
"Help Me","Real Boston Richey","hip-hop","2","hip-hop",TRUE
"Rave Mozart","W&W, Vini Vici","electronic","2","hip-hop",FALSE
"WHATCHU KNO ABOUT ME (with Sexyy Red)","GloRilla, Sexyy Red","pop","2","hip-hop",FALSE
"Qui peut le nier ! - Remasterisé","Oxmo Puccino","electronic","2","hip-hop",FALSE
"Why","Show Dem Camp, The Cavemen., Nsikak David","ambient","2","hip-hop",FALSE
"Après Minuit (feat. Tiakola)","Wizkid, Tiakola","ambient","2","hip-hop",FALSE
"No Heart","21 Savage, Metro Boomin","arabic","2","hip-hop",FALSE
"Johni","Show Dem Camp, The Cavemen., Nsikak David","ambient","2","hip-hop",FALSE
"É o Pombo, É o Neymar, Vinicius Jr, Paqueta","NK DA V, MC Pânico","brazilian","2","hip-hop",FALSE
"Armed & Dangerous","King Von","hip-hop","2","hip-hop",TRUE
"Non Stop Action","Ki!, Al Agami","hip-hop","2","hip-hop",TRUE
"Russian Cream","Key Glock","hip-hop","2","hip-hop",TRUE
"Ucingo","Zee Nxumalo, Sly, GL_Ceejay, Kabza De Small, Shakes & Les","afrobeats","2","hip-hop",FALSE
"DEGENERE 👑 (feat. benny blanco)","Myke Towers, benny blanco","latin","2","hip-hop",FALSE
"IDGAF (feat. Yeat)","Drake, Yeat","gaming","2","hip-hop",FALSE
"Floridaboiii","Yung Rich Cuban","hip-hop","2","hip-hop",TRUE
"AHHH HA","Lil Durk","hip-hop","2","hip-hop",TRUE
"Te Felicito","Shakira, Rauw Alejandro","latin","2","hip-hop",FALSE
"Albaizyn","lorleaf","lofi","2","hip-hop",FALSE
"Wanna Play?","The Prophet","electronic","2","hip-hop",FALSE
"Saint Tropez","Juls, Victony","afrobeats","2","hip-hop",FALSE
"Hola - Remix","Dalex, Lenny Tavárez, Chencho Corleone, Juhn, Dímelo Flow","latin","2","hip-hop",FALSE
"Marhaba","Kizz Daniel","afrobeats","2","hip-hop",FALSE
"SPIDER","GIMS, DYSTINCT","hip-hop","2","hip-hop",TRUE
"No Wahala","1da Banton","latin","2","hip-hop",FALSE
"Japanese Steel - Eerie Remix","Ollie Twist","hip-hop","2","hip-hop",TRUE
"Many Things","Zinoleesky","ambient","2","hip-hop",FALSE
"The Life I Chose","Adekunle Gold","arabic","2","hip-hop",FALSE
"Let Them Know","Wande Coal","ambient","2","hip-hop",FALSE
"Dead And Gone","T.I., Justin Timberlake","blues","2","hip-hop",FALSE
"So Sunny","SUPERCAT64 ビンクス猫","funk","2","hip-hop",FALSE
"Faz Striptease (Versão Tik Tok)","MC Teuzin PV, MC Skcot","brazilian","2","hip-hop",FALSE
"Pop Sermon","Dope Caesar, FAVE, Ajebo Hustlers","arabic","2","hip-hop",FALSE
"Small girl (feat. D.O.)","Lee Young Ji, D.O.","k-pop","2","hip-hop",FALSE
"Yeux disent","Lomepal","electronic","2","hip-hop",FALSE
"Lolita","Ashh","electronic","2","hip-hop",FALSE
"Vur Patlasın","Kurtuluş Kuş","turkish","2","hip-hop",FALSE
"Eu Já Sofri por Amor Mas Não Sofro Mais (Tik Tok)","MC Teuzin PV, MC Skcot","brazilian","2","hip-hop",FALSE
"Sakara","Zinoleesky","arabic","2","hip-hop",FALSE
"Lagos","Seyi Vibez","ambient","2","hip-hop",FALSE
"née-nah","21 Savage, Travis Scott, Metro Boomin","gaming","2","hip-hop",FALSE
"Ms. Jackson","Outkast","pop","2","hip-hop",FALSE
"Majha Block","Prem Dhillon","indian","2","hip-hop",FALSE
"É o Pombo, É o Neymar, Vinícius Jr E Paquetá (Copa do Mundo 2022)","DJ Dollynho Da Lapa, MC LEON, MC Pânico","brazilian","2","hip-hop",FALSE
"Drankin N Smokin","Future, Lil Uzi Vert","hip-hop","2","hip-hop",TRUE
"GATTI","JACKBOYS, Pop Smoke, Travis Scott","hip-hop","2","hip-hop",TRUE
"Personal","Zinoleesky","arabic","2","hip-hop",FALSE
"Black Betty","Lead Belly","blues","2","hip-hop",FALSE
"Pastille bleue","Jewel Usain","electronic","2","hip-hop",FALSE
"Sunke","Khan Bhaini","indian","2","hip-hop",FALSE
"Fronteamos Porque Podemos (feat. Daddy Yankee, Yandel & Nengo Flow)","De La Ghetto, Yandel, Ñengo Flow, Daddy Yankee","latin","2","hip-hop",FALSE
"Mukulu","Bnxn","ambient","2","hip-hop",FALSE
"Saquarema","MC Rogê, DJ Meek, Boladinho DJ, Mc G Talibã","brazilian","2","hip-hop",FALSE
"P*Tain de m*Rde","Naza","electronic","2","hip-hop",FALSE
"Réseaux","Niska","electronic","2","hip-hop",FALSE
"Bling-Bang-Bang-Born","Creepy Nuts","j-pop","2","hip-hop",FALSE
"Crazy Story, Pt. 3","King Von","hip-hop","2","hip-hop",TRUE
"Aceptas","Canserbero","latin","2","hip-hop",FALSE
"Chosen 1","Polo G","arabic","2","hip-hop",FALSE
"Mukulu","Olamide, Rema","ambient","2","hip-hop",FALSE
"OLAITAN - OLAOLUWA","Oxlade","ambient","2","hip-hop",FALSE
"Don't Feel Love","Wande Coal","ambient","2","hip-hop",FALSE
"Toxic","Bnxn","ambient","2","hip-hop",FALSE
"La Fokin Moda","Calle 13","latin","2","hip-hop",FALSE
"Burning Down","Dual Damage","electronic","2","hip-hop",FALSE
"Mejores Jordans","Victor Mendivil, Oscar Maydon","latin","2","hip-hop",FALSE
"Welcome To Brixton","SR","hip-hop","2","hip-hop",TRUE
"We Getting Money","Sheff G","hip-hop","2","hip-hop",TRUE
"La Bebe - Remix","Yng Lvcas, Peso Pluma","latin","2","hip-hop",FALSE
"İki Taraf","Sezer Sarıgöz","turkish","2","hip-hop",FALSE
"Alegria","Tego Calderón","latin","2","hip-hop",FALSE
"My Life","Bnxn","arabic","2","hip-hop",FALSE
"licor y hielos","Kiddie Gang","latin","2","hip-hop",FALSE
"Elfida","Burak Bulut, Kurtuluş Kuş","turkish","2","hip-hop",FALSE
"M4","Teto, Matuê","hip-hop","2","hip-hop",TRUE
"Plug Walk","Rich The Kid","hip-hop","2","hip-hop",TRUE
"Martin & Gina","Polo G","arabic","2","hip-hop",FALSE
"Mr. Glock","Key Glock","hip-hop","2","hip-hop",TRUE
"Caesar","Inventor Ace","hip-hop","2","hip-hop",TRUE
"Death Ain't Easy","Lil Durk","arabic","2","hip-hop",FALSE
"A Cold Sunday","Lil Yachty","hip-hop","2","hip-hop",TRUE
"Sprinter","Dave, Central Cee","ambient","2","hip-hop",FALSE
"Fireworks","Nymano, Pandrezz","lofi","2","hip-hop",FALSE
"Hello Habibi","Olamide, Russ","ambient","2","hip-hop",FALSE
"Ngozi","Crayon, Ayra Starr","ambient","2","hip-hop",FALSE
"Give Me That - Korean Version","WayV","k-pop","2","hip-hop",FALSE
"Double Tap","Zoro Swagbag, Klem","ambient","2","hip-hop",FALSE
"42","Aya Nakamura","afrobeats","2","hip-hop",FALSE
"Que Se Cuide","Luis R Conriquez, Joel De La P, Chimbala","latin","2","hip-hop",FALSE
"Many Things","Zinoleesky","arabic","2","hip-hop",FALSE
"Been Away","Brent Faiyaz","r&b","2","hip-hop",FALSE
"Music Sounds Better With You - Radio Edit","Stardust, Benjamin Diamond, Alan Braxe, Thomas Bangalter","pop","2","hip-hop",FALSE
"PERRO NEGRO","Bad Bunny, Feid","latin","2","hip-hop",FALSE
"Modupe","Bnxn, Olamide","arabic","2","hip-hop",FALSE
"Beat Trava Pulmão","Mc Menor Do Alvorada, dj caxa da zl, Mc Gw","brazilian","2","hip-hop",FALSE
"Ma direction","Sexion d'Assaut","electronic","2","hip-hop",FALSE
"APT.","ROSÉ, Bruno Mars","pop","2","hip-hop",FALSE
"2 Times","Dimitri Vegas, Steve Aoki, Ann Lee, Sound Of Legend","electronic","2","hip-hop",FALSE
"Always On Time","Ja Rule, Ashanti","r&b","2","hip-hop",FALSE
"Talk Show","Humble Francis","hip-hop","2","hip-hop",TRUE
"Después de la Playa","Bad Bunny","latin","2","hip-hop",FALSE
"Billets","Gradur","electronic","2","hip-hop",FALSE
"Back in 09","Voodoo Benji","hip-hop","2","hip-hop",TRUE
"Joro","Wizkid","latin","2","hip-hop",FALSE
"Sensin Bana Yar","Umut Timur","turkish","2","hip-hop",FALSE
"Hello Habibi","Olamide","ambient","2","hip-hop",FALSE
"No Option","Boj, ODUMODUBLVCK","ambient","2","hip-hop",FALSE
"Rueda De Prensa","Akapellah","latin","2","hip-hop",FALSE
"TUMBÁTUM","Tropa do Bruxo, SMU, Dj Vitin do Pc, MC JF, MC NAHARA","brazilian","2","hip-hop",FALSE
"Sticky (feat. GloRilla, Sexyy Red & Lil Wayne)","Tyler, The Creator, GloRilla, Sexyy Red, Lil Wayne","pop","2","hip-hop",FALSE
"Pagode Da Dona Ivone","Mauro Diniz","brazilian","2","hip-hop",FALSE
"Seek & Destroy - Remastered","Metallica","metal","2","hip-hop",FALSE
"Payaso","Tego Calderón, Eddie Dee, Voltio","latin","2","hip-hop",FALSE
"Many Men (Wish Death)","50 Cent","hip-hop","2","hip-hop",TRUE
"No Worries","Olamide","ambient","2","hip-hop",FALSE
"NSV","Bella Shmurda, Tiwa Savage","arabic","2","hip-hop",FALSE
"AZAMAN","Rema","afrobeats","2","hip-hop",FALSE
"Me Acostumbre (feat. Bad Bunny)","Arcángel, Bad Bunny","hip-hop","2","hip-hop",TRUE
"Bandoleros","Don Omar, Tego Calderón","latin","2","hip-hop",FALSE
"Fuse","House of Protection","rock","2","hip-hop",FALSE
"Say My Name","Bnxn","ambient","2","hip-hop",FALSE
"Après Minuit (feat. Tiakola)","Wizkid, Tiakola","afrobeats","2","hip-hop",FALSE
"Pas l'temps pour les regrets","Lunatic","electronic","2","hip-hop",FALSE
"Come Alive","Olamide, Bnxn","arabic","2","hip-hop",FALSE
"HASTA ABAJO","KEVIN ROLDAN, Bryant Myers, Lyanno","latin","2","hip-hop",FALSE
"AQUECIMENTO TÃO TÁ VAI COMEÇAR EM VS PEGA PEGA VUK VUK FUNK","BRADSP","brazilian","2","hip-hop",FALSE
"Porno","Rich Music LTD, Sech, Dalex, Justin Quiles, Lenny Tavárez, Feid","latin","2","hip-hop",FALSE
"Clima Tropical","Canserbero","latin","2","hip-hop",FALSE
"Pischi","Danny Palgon","world","2","hip-hop",FALSE
"DIS MOI","DJ Kawest, Joé Dwèt Filé","afrobeats","2","hip-hop",FALSE
"APT.","ROSÉ, Bruno Mars","pop","2","hip-hop",FALSE
"Finesse","Pheelz, Bnxn","latin","2","hip-hop",FALSE
"Doha","Seyi Vibez","ambient","2","hip-hop",FALSE
"19","Dan Whitlam","hip-hop","2","hip-hop",TRUE
"Reste en Vie","Luidji","electronic","2","hip-hop",FALSE
"Oh qu'elle est belle","Jul, DYSTINCT","hip-hop","2","hip-hop",TRUE
"Sweet Karma","Phyno, Johnny Drille","ambient","2","hip-hop",FALSE
"Digo Lo Que Pienso","Calle 13","latin","2","hip-hop",FALSE
"Bent (with Kyle Richh, Jenn Carter & TaTa)","41, Kyle Richh, Jenn Carter, TaTa","hip-hop","2","hip-hop",TRUE
"DECLAN RICE","ODUMODUBLVCK","ambient","2","hip-hop",FALSE
"Peg Te Bhangra","Sharry Mann, Mista Baaz","indian","2","hip-hop",FALSE
"Invincible","Pop Smoke","hip-hop","2","hip-hop",TRUE
"Who Told You (feat. Drake)","J Hus, Drake","ambient","2","hip-hop",FALSE
"Blood Is Thicker","Kizz Daniel","ambient","2","hip-hop",FALSE
"Rah Tah Tah","Tyler, The Creator","hip-hop","2","hip-hop",TRUE
"NEL","Fuerza Regida","latin","2","hip-hop",FALSE
"Fue un Placer","Los Aldeanos","latin","2","hip-hop",FALSE
"Hotline Bling","Quantic, Los Miticos Del Ritmo","brazilian","2","hip-hop",FALSE
"Rakıya Meze Olalım","Zara, Burak Bulut, Kurtuluş Kuş","turkish","2","hip-hop",FALSE
"Iko Iko","The Dixie Cups","world","2","hip-hop",FALSE
"Hoje tem samba","Arlindo Cruz, Sombrinha","brazilian","2","hip-hop",FALSE
"Nas Is Like","Nas","hip-hop","2","hip-hop",TRUE
"Weekend (feat. Miguel)","Mac Miller, Miguel","hip-hop","2","hip-hop",TRUE
"Epílogo","Canserbero","latin","2","hip-hop",FALSE
"Albaizyn","lorleaf","jazz","2","hip-hop",FALSE
"Level Up","Zmeyev","jazz","2","hip-hop",FALSE
"Adentro","Calle 13","latin","2","hip-hop",FALSE
"All My Life (feat. J. Cole)","Lil Durk, J. Cole","hip-hop","2","hip-hop",TRUE
"Pitbull","Booba","electronic","2","hip-hop",FALSE
"Words of Wisdom","Aastn","hip-hop","2","hip-hop",TRUE
"Thanks (feat. J. Cole)","Burna Boy, J. Cole","ambient","2","hip-hop",FALSE
"In My Bed","Rotimi, Wale","latin","2","hip-hop",FALSE
"Call of Duty","Zinoleesky","arabic","2","hip-hop",FALSE
"Saco Cheio","Almir Guineto","brazilian","2","hip-hop",FALSE
"AZAMAN","Rema","afrobeats","2","hip-hop",FALSE
"Shina Peters","Reminisce, Mohbad","arabic","2","hip-hop",FALSE
"Streets (feat. T-Pain)","Wande Coal, T-Pain","ambient","2","hip-hop",FALSE
"The Viper","BabyChiefDoit","hip-hop","2","hip-hop",TRUE
"Superhero (Heroes & Villains) [with Future & Chris Brown]","Metro Boomin, Future, Chris Brown","hip-hop","2","hip-hop",TRUE
"Wifey, Shordy, Bae","G DUBS","hip-hop","2","hip-hop",TRUE
"Feeling","LADIPOE, Bnxn","latin","2","hip-hop",FALSE
"Killing In The Name","Rage Against The Machine","rock","2","hip-hop",FALSE
"La Vida Es Un Freestyle","Akapellah","latin","2","hip-hop",FALSE
"Chosen 1","Polo G","arabic","2","hip-hop",FALSE
"Keep It Alive","Alias Molombo, Skee","hip-hop","2","hip-hop",TRUE
"Qué Pasaría...","Rauw Alejandro, Bad Bunny","pop","2","hip-hop",FALSE
"Room For You","grentperez, Lyn Lapid","pop","3","lofi",FALSE
"Are You Looking Up","Mk.gee","pop","3","lofi",FALSE
"You're Beautiful","James Blunt","blues","3","lofi",FALSE
"Thinking 'Bout Love","Wild Rivers","folk","3","lofi",FALSE
"A Cosmic Hiss","Lola, Bluewerks","jazz","3","lofi",FALSE
"Skyfall","Adele","pop","3","lofi",FALSE
"Waves","Chilled Cougar","lofi","3","lofi",TRUE
"Husk","Men I Trust","pop","3","lofi",FALSE
"Walking On The Clouds","Sleepy Tom","lofi","3","lofi",TRUE
"雨夜的浪漫","Alan Tam","cantopop","3","lofi",FALSE
"I Said What I Said","The Softies","pop","3","lofi",FALSE
"Stubborn Love","The Lumineers","folk","3","lofi",FALSE
"Care For You","The Marías","pop","3","lofi",FALSE
"Besame Mucho","Dave Brubeck","jazz","3","lofi",FALSE
"Before You Go","Lewis Capaldi","pop","3","lofi",FALSE
"I Never Really Cared","Stoto","electronic","3","lofi",FALSE
"I Miss You","Sarcastic Sounds","lofi","3","lofi",TRUE
"Tales of Hoffmann: Barcarolle","Jacques Offenbach, Arthur Fiedler, Boston Pops Orchestra","classical","3","lofi",FALSE
"Where We Used to Live","Esbjörn Svensson Trio","jazz","3","lofi",FALSE
"Everybody Dies In Their Nightmares","XXXTENTACION","hip-hop","3","lofi",FALSE
"Lifelight (Super Smash Bros. Ultimate)","Ren Avel","lofi","3","lofi",TRUE
"everything you say","mommy, Philanthrope","lofi","3","lofi",TRUE
"magic 8 ball","Cavetown, Frankie Cosmos","pop","3","lofi",FALSE
"It Ain't Necessarily So","Mary Lou Williams","jazz","3","lofi",FALSE
"Giorno's Theme (JoJo's Bizarre Adventure)","Ren Avel","lofi","3","lofi",TRUE
"My Love (2024)","Alex Wann, Route 94, Jess Glynne","electronic","3","lofi",FALSE
"Kabhii Tumhhe","Javed-Mohsin, Darshan Raval","indian","3","lofi",FALSE
"Into The Night","Tonic Walter","electronic","3","lofi",FALSE
"snoozed","lilibu","lofi","3","lofi",TRUE
"poseidon","low&slow","lofi","3","lofi",TRUE
"Poison","Brent Faiyaz","r&b","3","lofi",FALSE
"Comerte Entera","C. Tangana, Toquinho","latin","3","lofi",FALSE
"Palladio: 1. Allegretto (arr. for Strings Orchestra)","Karl Jenkins, Carmine Lauri, David Alberman, London Symphony Orchestra","classical","3","lofi",FALSE
"La Luz - A COLORS SHOW","María José Llergo","latin","3","lofi",FALSE
"Blue Bird (Naruto)","Otaku","lofi","3","lofi",TRUE
"Montagem Mysterious Game","LXNGVX","gaming","3","lofi",FALSE
"Comedy (Spy x Family)","Ren Avel","lofi","3","lofi",TRUE
"Je te laisserai des mots","Patrick Watson","folk","3","lofi",FALSE
"Rosyln","Bon Iver, St. Vincent","ambient","3","lofi",FALSE
"Dragonborn","Jeremy Soule","gaming","3","lofi",FALSE
"Sing My Pleasure (Vivy Fluorite Eye's Song)","Ren Avel","lofi","3","lofi",TRUE
"Vienna","Billy Joel","rock","3","lofi",FALSE
"Stairs","only jo","lofi","3","lofi",TRUE
"Romantic Homicide","d4vd","gaming","3","lofi",FALSE
"A Million Times","KaspaHauser","jazz","3","lofi",FALSE
"Lights Are On","Tom Rosenthal","ambient","3","lofi",FALSE
"You & Me - Rivo Remix","Disclosure, Eliza Doolittle, Rivo","gaming","3","lofi",FALSE
"Happiness is a butterfly","Lana Del Rey","ambient","3","lofi",FALSE
"get better","Eden Elf, Ren Avel","lofi","3","lofi",TRUE
"The 30th","Billie Eilish","ambient","3","lofi",FALSE
"Departure! (Hunter x Hunter)","Ren Avel","lofi","3","lofi",TRUE
"Lose You To Love Me","Selena Gomez","pop","3","lofi",FALSE
"Club Insomnia","Shierro","lofi","3","lofi",TRUE
"Urban Oasis","Mindeliq, Billa Qause","jazz","3","lofi",FALSE
"S P E Y S I D E","Bon Iver","folk","3","lofi",FALSE
"You & Me - Rivo Remix","Disclosure, Eliza Doolittle, Rivo","electronic","3","lofi",FALSE
"Watching The Rain","LoFi Waiter","lofi","3","lofi",TRUE
"We Gotta Power (Dragon Ball Z)","Ren Avel","lofi","3","lofi",TRUE
"THINGS BEHIND THINGS BEHIND THINGS","Bon Iver","folk","3","lofi",FALSE
"Orange Juice","Noah Kahan","folk","3","lofi",FALSE
"It's All Coming Back to Me Now","Céline Dion","blues","3","lofi",FALSE
"Comfortably Numb","Pink Floyd","rock","3","lofi",FALSE
"letting go","mood.","lofi","3","lofi",TRUE
"If I'm Lying","Burna Boy","ambient","3","lofi",FALSE
"Sideways","Gordo, Drake","electronic","3","lofi",FALSE
"Down The Dirt Road Blues","Charley Patton","blues","3","lofi",FALSE
"Black Friday (pretty like the sun)","Lost Frequencies, Tom Odell","gaming","3","lofi",FALSE
"Stompin At The Savoy","Benny Goodman","jazz","3","lofi",FALSE
"Floatin'","SamuW, Mendeville, Lazlow","jazz","3","lofi",FALSE
"Párteme La Cara","C. Tangana, Ed Maverick","latin","3","lofi",FALSE
"Love You With All My Heart","Crush","korean","3","lofi",FALSE
"Bon Voyage (One Piece)","Ren Avel","lofi","3","lofi",TRUE
"Chachachá","Jósean Log","world","3","lofi",FALSE
"If the World Was Ending (feat. Julia Michaels)","JP Saxe, Julia Michaels","pop","3","lofi",FALSE
"Body and Soul","Coleman Hawkins","jazz","3","lofi",FALSE
"Perfect Moment","Peter White","jazz","3","lofi",FALSE
"The Backyard","Noflik, Pleij","jazz","3","lofi",FALSE
"Harpy Hare","Yaelokre","folk","3","lofi",FALSE
"Until I Found You (with Em Beihold) - Em Beihold Version","Stephen Sanchez, Em Beihold","pop","3","lofi",FALSE
"Experience","Ludovico Einaudi, Daniel Hope, I Virtuosi Italiani","classical","3","lofi",FALSE
"Sudden Shower","ECLIPSE","korean","3","lofi",FALSE
"Always With Me (Spirited Away)","Sleepy Tom","lofi","3","lofi",TRUE
"Veridis Quo","Daft Punk","electronic","3","lofi",FALSE
"STREET ANTHEM","Ayo Maff","arabic","3","lofi",FALSE
"Let Me Go","Daniel Caesar","soul","3","lofi",FALSE
"late night walking","Rustique Beats","lofi","3","lofi",TRUE
"As the World Caves In","Matt Maltese","ambient","3","lofi",FALSE
"Flames to Dust","Shierro","lofi","3","lofi",TRUE
"Yard","paris91","jazz","3","lofi",FALSE
"keeping up appearances","Zupa Fitz","lofi","3","lofi",TRUE
"Astronomy","Conan Gray","ambient","3","lofi",FALSE
"Walking Home","caens","lofi","3","lofi",TRUE
"Aquarius","Sátyr, Mosalla, Louk","jazz","3","lofi",FALSE
"Unforgettable","Nat King Cole","jazz","3","lofi",FALSE
"Strangers","Kenya Grace","gaming","3","lofi",FALSE
"Grooveshop - damaa.beats Remix","rocomoco, Hoffy Beats, damaa.beats","jazz","3","lofi",FALSE
"Quiet Storm","Shierro","lofi","3","lofi",TRUE
"Photograph","Ed Sheeran","pop","3","lofi",FALSE
"Island Bounce","Hi Hat Henry","lofi","3","lofi",TRUE
"Distance","Strehlow","lofi","3","lofi",TRUE
"Evergreen","Richy Mitch & The Coal Miners","folk","3","lofi",FALSE
"Walking in Ueno","LoFi Waiter","lofi","3","lofi",TRUE
"Valse a Bamboula","Latché Swing","world","3","lofi",FALSE
"Por Si Apareces","Alice Wonder","latin","3","lofi",FALSE
"Sunset Coffee","LoFi Waiter","lofi","3","lofi",TRUE
"Radio","Freak Slug","pop","3","lofi",FALSE
"Dream A Little Dream Of Me - Single Version","Ella Fitzgerald, Louis Armstrong","jazz","3","lofi",FALSE
"Disconnect","Shierro","lofi","3","lofi",TRUE
"Cheek To Cheek","Ella Fitzgerald, Louis Armstrong","jazz","3","lofi",FALSE
"Guajira Linda","Putumayo, Cuba Quartet","jazz","3","lofi",FALSE
"Christmas Tree","V","korean","3","lofi",FALSE
"Walk On the Wild Side","Lou Reed","rock","3","lofi",FALSE
"You Say","Lauren Daigle","pop","3","lofi",FALSE
"Hope","XXXTENTACION","gaming","3","lofi",FALSE
"A Moment Apart","ODESZA","electronic","3","lofi",FALSE
"Mirror","Lil Wayne, Bruno Mars","blues","3","lofi",FALSE
"一生中最愛 - 電影《雙城故事》歌曲","Alan Tam","cantopop","3","lofi",FALSE
"Bessoka - Version Courte","Manu Dibango","jazz","3","lofi",FALSE
"rolling","Collinsworthy","lofi","3","lofi",TRUE
"Nature's Wishes","Yume.Play","world","3","lofi",FALSE
"Where the Night Begins","Steve Cole","jazz","3","lofi",FALSE
"Peachy","cloud minor","lofi","3","lofi",TRUE
"Eternal Youth","RŮDE","lofi","3","lofi",TRUE
"Unravel (Tokyo Ghoul)","Otaku, LoFi Waiter","lofi","3","lofi",TRUE
"Dancing On My Own","Calum Scott","pop","3","lofi",FALSE
"Stand By Me","Ben E. King","blues","3","lofi",FALSE
"traffic","Lunar Lullaby & yorukaze","lofi","3","lofi",TRUE
"Hyper Printing","Satoshi Nakamoto","lofi","3","lofi",TRUE
"Like Real People Do","Hozier","ambient","3","lofi",FALSE
"BAGS","Seame","lofi","3","lofi",TRUE
"Black Magic Woman - Single Version","Santana","rock","3","lofi",FALSE
"Marco and Gina","Otaku","lofi","3","lofi",TRUE
"Again (Full Metal)","Otaku","lofi","3","lofi",TRUE
"生锈的叶子","浩宇","world","3","lofi",FALSE
"穿过开阔的田野","赵燮","world","3","lofi",FALSE
"watercolour","Zoe Reed","lofi","3","lofi",TRUE
"Kiss from a Rose","Seal","blues","3","lofi",FALSE
"Blossom","Sem0r, Loyae","jazz","3","lofi",FALSE
"Night Changes","One Direction","pop","3","lofi",FALSE
"Scared of the World","Sarcastic Sounds","lofi","3","lofi",TRUE
"Fairy Fountain (The Legend of Zelda)","Ren Avel","lofi","3","lofi",TRUE
"Arboreous","Bogomolove, Senn","lofi","3","lofi",TRUE
"Dimelo","Sofi de la Torre","latin","3","lofi",FALSE
"Lost in Paradise (Jujutsu Kaisen)","Ren Avel","lofi","3","lofi",TRUE
"If I Ain't Got You","Alicia Keys","r&b","3","lofi",FALSE
"La Luna","Kora","latin","3","lofi",FALSE
"Mañana","Xadi, Nina Cobham","latin","3","lofi",FALSE
"Devil Got You","Madame Kapuscinska","rock","3","lofi",FALSE
"citynights","Ny Cic","jazz","3","lofi",FALSE
"Fly Me To The Moon","Frank Sinatra, Count Basie","jazz","3","lofi",FALSE
"the WORLD (Death Note)","Ren Avel","lofi","3","lofi",TRUE
"Renai Circulation (Bakemonogatari)","Otaku","lofi","3","lofi",TRUE
"Don't Wanna Lie","LANE","latin","3","lofi",FALSE
"I'll Be Waiting","Earl Klugh","jazz","3","lofi",FALSE
"My Romance - Remastered 2006","Gene Ammons","jazz","3","lofi",FALSE
"The Day (My Hero Academia)","Otaku","lofi","3","lofi",TRUE
"Love Story","Indila","electronic","3","lofi",FALSE
"Death Letter Blues","Son House","blues","3","lofi",FALSE
"Ruby My Dear","Roy Hargrove","jazz","3","lofi",FALSE
"I'm God","Clams Casino, Imogen Heap","electronic","3","lofi",FALSE
"This Town","Niall Horan","pop","3","lofi",FALSE
"暖山 - 纯音乐","刘珂矣, 百慕三石","world","3","lofi",FALSE
"Unrushed","LoFi Waiter","lofi","3","lofi",TRUE
"Nothing's New","Rio Romeo","ambient","3","lofi",FALSE
"9:45","Prabh Singh, Jay Trak, Rooh Sandhu","hip-hop","3","lofi",FALSE
"You Are Not Alone","Michael Jackson","blues","3","lofi",FALSE
"Promise of Prosperity","Yume.Play","world","3","lofi",FALSE
"朝花夕拾","小vie","world","3","lofi",FALSE
"闪亮的月亮","浩宇","world","3","lofi",FALSE
"biking","Loop Schrauber","jazz","3","lofi",FALSE
"above the clouds","Ngyn, nitsua.","lofi","3","lofi",TRUE
"湖边小路","赵燮","world","3","lofi",FALSE
"Respiro","flâneur, marsquake","jazz","3","lofi",FALSE
"Vagabond","Caamp","folk","3","lofi",FALSE
"Are You Looking Up","Mk.gee","rock","3","lofi",FALSE
"And It's Still Alright","Nathaniel Rateliff","folk","3","lofi",FALSE
"Paul Revere (with Gregory Alan Isakov)","Noah Kahan, Gregory Alan Isakov","folk","3","lofi",FALSE
"Floating Away","Altair Blake","lofi","3","lofi",TRUE
"i am not who i was","Chance Peña","folk","3","lofi",FALSE
"Quiet Reflections","Lemage","world","3","lofi",FALSE
"Zadok the Priest (Coronation Anthem No. 1, HWV 258)","George Frideric Handel, Trevor Pinnock, The English Concert, Simon Preston, The Choir Of Westminster Abbey","classical","3","lofi",FALSE
"Spring 1 - 2012","Max Richter, Daniel Hope, Konzerthaus Kammerorchester Berlin, Andre de Ridder","classical","3","lofi",FALSE
"anything","Adrianne Lenker","folk","3","lofi",FALSE
"Work Song","Hozier","folk","3","lofi",FALSE
"bad","wave to earth","pop","3","lofi",FALSE
"Salt","Oaty.","jazz","3","lofi",FALSE
"Big Black Car","Gregory Alan Isakov","folk","3","lofi",FALSE
"Solo","Myles Smith","folk","3","lofi",FALSE
"Girl With The Tattoo Enter.lewd","Miguel","r&b","3","lofi",FALSE
"Boneyizm","Boney James","jazz","3","lofi",FALSE
"缥缃醉 - 纯音乐","刘珂矣, 百慕三石","world","3","lofi",FALSE
"情缘","小vie","world","3","lofi",FALSE
"Morning Dew","LoFi Waiter","lofi","3","lofi",TRUE
"Mystic Cascade","Yume.Play","world","3","lofi",FALSE
"Sailor Song","Gigi Perez","folk","3","lofi",FALSE
"Cypress Grove Blues","Skip James, Jack Owens","blues","3","lofi",FALSE
"Journey Into Melody - 2007 Digital Remaster/Rudy Van Gelder Edition","Stanley Turrentine","jazz","3","lofi",FALSE
"The Devil Wears a Suit and Tie","Colter Wall","folk","3","lofi",FALSE
"pink skies","morning green","lofi","3","lofi",TRUE
"HACIENDO QUE ME AMAS","Bad Bunny","latin","3","lofi",FALSE
"Empire State Express","Son House","blues","3","lofi",FALSE
"夜機","Priscilla Chan","cantopop","3","lofi",FALSE
"Ghost","Jmss, PØPE","lofi","3","lofi",TRUE
"多情","Vivian Lai","cantopop","3","lofi",FALSE
"Dark Beach","Pastel Ghost","electronic","3","lofi",FALSE
"cinnamon","Mozzie, flut","jazz","3","lofi",FALSE
"Control","Zoe Wees","pop","3","lofi",FALSE
"Japanese Winter","LoFi Waiter","lofi","3","lofi",TRUE
"SMILE AGAIN 瑪莉亞","Jacky Cheung","cantopop","3","lofi",FALSE
"This Game (No Game No Life)","Otaku","lofi","3","lofi",TRUE
"月半彎","Jacky Cheung","cantopop","3","lofi",FALSE
"Burning","Tems","ambient","3","lofi",FALSE
"Find Someone Like You","Jonas Wall, Umbaji","jazz","3","lofi",FALSE
"Green Bubble","Sleepy Tom","lofi","3","lofi",TRUE
"ceilings","Lizzy McAlpine","ambient","3","lofi",FALSE
"I Kinda Like It","Lofive","electronic","3","lofi",FALSE
"Dust in the Wind","Kansas","rock","3","lofi",FALSE
"I Miss You","SOYOU","korean","3","lofi",FALSE
"零時十分","Sally Yeh","cantopop","3","lofi",FALSE
"Sparks","Coldplay","ambient","3","lofi",FALSE
"La Célula Que Explota","Caifanes","rock","3","lofi",FALSE
"Where's My Love - Acoustic","SYML","ambient","3","lofi",FALSE
"Najariya LoFi Cake Mix","Madhubanti Bagchi, Shashwat Sachdev","indian","3","lofi",FALSE
"Fade","Alex Lustig, Sølv","electronic","3","lofi",FALSE
"Akeli Dar Lage","Abhijit Pohankar, Ramakant Gaikwad, Samarth Desai, Amit Mishra","indian","3","lofi",FALSE
"Barcelona","Pajaro Sunrise, Yuri Méndez","latin","3","lofi",FALSE
"Quel temps fait-il à Paris ?","Gus Viseur","world","3","lofi",FALSE
"kinda nice","Earium","lofi","3","lofi",TRUE
"Arcade","Duncan Laurence","pop","3","lofi",FALSE
"Night Changes","One Direction","pop","3","lofi",FALSE
"No Sleep","Altair Blake","lofi","3","lofi",TRUE
"Congo Mulence","Machito & His Orchestra, Candido Camero, Paul Cohen, Curtis Fuller, Joe Newman, Herbie Mann, Cannonball Adderley, Doc Cheatham","jazz","3","lofi",FALSE
"Lotus","Kuroki","world","3","lofi",FALSE
"If You Love Her","Forest Blakk","pop","3","lofi",FALSE
"Eyes Closed","Leo Motta, Toti Cisneros","jazz","3","lofi",FALSE
"Down by the Water","Ocie Elliott","folk","3","lofi",FALSE
"Walkin’ Back to Georgia","Jim Croce","folk","3","lofi",FALSE
"alone - Remix","FOLA, Bnxn","afrobeats","3","lofi",FALSE
"big buddha","Max Hayward","lofi","3","lofi",TRUE
"Fortnight (feat. Post Malone)","Taylor Swift, Post Malone","pop","3","lofi",FALSE
"Bottled Message","Coltsfoot","lofi","3","lofi",TRUE
"So Very Much","nora haze","lofi","3","lofi",TRUE
"lovely (with Khalid)","Billie Eilish, Khalid","pop","3","lofi",FALSE
"I Will Always Love You","Whitney Houston","blues","3","lofi",FALSE
"Friday Dazed","Alek Faith","lofi","3","lofi",TRUE
"cómo quieres que me enfade","daniel sabater, ROJAZ","latin","3","lofi",FALSE
"One summer's day","Otaku, LoFi Waiter","lofi","3","lofi",TRUE
"Maha Ganapatim - Nata","T. N. Krishnan","indian","3","lofi",FALSE
"Something in the Orange","Zach Bryan","pop","3","lofi",FALSE
"Say You Won't Let Go","James Arthur","pop","3","lofi",FALSE
"One Summer's Day (Spirited Away)","Sleepy Tom","lofi","3","lofi",TRUE
"Speechless","Michael Jackson","blues","3","lofi",FALSE
"Killing Me Softly With His Song","Roberta Flack","blues","3","lofi",FALSE
"The Scientist","Coldplay","pop","3","lofi",FALSE
"projection","love_eight","lofi","3","lofi",TRUE
"Ocarina of Time (The Legend of Zelda)","Ren Avel","lofi","3","lofi",TRUE
"Sunflower","Velvet Static","lofi","3","lofi",TRUE
"Hold Me","Lavern","electronic","3","lofi",FALSE
"Heather","Conan Gray","pop","3","lofi",FALSE
"All we ever wanted","MVCA, SCHWARZ","electronic","3","lofi",FALSE
"Blue Bird (Naruto Shippuden)","Ren Avel","lofi","3","lofi",TRUE
"Meltdown","Arlos","lofi","3","lofi",TRUE
"Flow State","Poof Tricks","lofi","3","lofi",TRUE
"Wandering Swallow featuring Bebel Gilberto","Forro In The Dark, Bebel Gilberto","brazilian","3","lofi",FALSE
"She Loves You","Reid Anderson","rock","3","lofi",FALSE
"Surf Tiger","ohlos","lofi","3","lofi",TRUE
"Too Many Songs","Rebecca Aadland","rock","3","lofi",FALSE
"Aryetti's Song","Otaku","lofi","3","lofi",TRUE
"Stay and Wander","Tom Doolie, Cap Kendricks","lofi","3","lofi",TRUE
"sorry","chief.","lofi","3","lofi",TRUE
"Memories","Maroon 5","pop","3","lofi",FALSE
"Rosalina's Comet Observatory (Super Mario Galaxy)","Ren Avel","lofi","3","lofi",TRUE
"The Mountain Is You","Chance Peña","folk","3","lofi",FALSE
"CHASE","twuan","lofi","3","lofi",TRUE
"Nobody Gets Me","SZA","r&b","3","lofi",FALSE
"Clouded","Brent Faiyaz","r&b","3","lofi",FALSE
"Again (Fullmetal Alchemist)","Ren Avel","lofi","3","lofi",TRUE
"Space Cadet","Philanthrope, Sleepy Fish","lofi","3","lofi",TRUE
"Driver's High (GTO)","Ren Avel","lofi","3","lofi",TRUE
"Blue Book","Tom Doolie","lofi","3","lofi",TRUE
"Interstellar","drkmnd, Arbour","lofi","3","lofi",TRUE
"2AM Study","LoFi Waiter","lofi","3","lofi",TRUE
"I Miss You","LoFi Waiter","lofi","3","lofi",TRUE
"Bobba","Platinum Dust","jazz","3","lofi",FALSE
"Childhood Fragments","LoFi Waiter","lofi","3","lofi",TRUE
"The Last Day","Guidolain beats, brass.beats","jazz","3","lofi",FALSE
"Kamada","Butterscotch","jazz","3","lofi",FALSE
"ODDTAXI (ODDTAXI)","Ren Avel","lofi","3","lofi",TRUE
"should have never met you","Ngyn, nitsua.","lofi","3","lofi",TRUE
"Lofi Rain","Chilled Cougar, LoFi Waiter","lofi","3","lofi",TRUE
"With you","Jimin, HA SUNG WOON","korean","3","lofi",FALSE
"Summer in Fujian","Kuroki","world","3","lofi",FALSE
"Mama's Boy","Dominic Fike","rock","3","lofi",FALSE
"Even the Darkness Has Arms","The Barr Brothers","folk","3","lofi",FALSE
"This Love","DAVICHI","korean","3","lofi",FALSE
"New Fields","Tom Doolie, Saib","lofi","3","lofi",TRUE
"fliff","Zonyo","lofi","3","lofi",TRUE
"Fly Away","Altair Blake","lofi","3","lofi",TRUE
"imstillfallingfor","ELEWAKA","lofi","3","lofi",TRUE
"Floating","Slo Five, Frances The Mute","jazz","3","lofi",FALSE
"Teenage Fever","Drake","hip-hop","3","lofi",FALSE
"Good Person (2022)","HAECHAN","korean","3","lofi",FALSE
"If It Is You","Jung Seung Hwan","korean","3","lofi",FALSE
"Up & Down","Drxnk, Myríad, Golden Ticket Tapes","jazz","3","lofi",FALSE
"William Tell Overture","Gioachino Rossini, Arthur Fiedler, Boston Pops Orchestra","classical","3","lofi",FALSE
"介质","Nicky Lee, 郑润泽","mandopop","3","lofi",FALSE
"Can You Hear My Heart (feat. LEE HI)","Epik High, LeeHi","korean","3","lofi",FALSE
"Hold On Tight","Boney James","jazz","3","lofi",FALSE
"Over The Rainbow","Kenny G","jazz","3","lofi",FALSE
"Golden Light","STRFKR","pop","3","lofi",FALSE
"永恒的雨","赵燮","world","3","lofi",FALSE
"If Only For One Night","Dave Koz, Brian Culbertson","jazz","3","lofi",FALSE
"Peach","Glimlip, Louk, Elior","lofi","3","lofi",TRUE
"Lotus Rain","Kuroki","world","3","lofi",FALSE
"the neighborhood","ninetytwo.","lofi","3","lofi",TRUE
"Porch Java","Delorme & Co","jazz","3","lofi",FALSE
"Never Without You","Brian Simpson, Peter White","jazz","3","lofi",FALSE
"See You Tomorrow","Evgeny Grinko","classical","3","lofi",FALSE
"Liquid Soul","Chris Standring","jazz","3","lofi",FALSE
"Hacking to the Gate (Stein;Gate)","Otaku, LoFi Waiter","lofi","3","lofi",TRUE
"semi-hollow","Ponzi Skeemz","lofi","3","lofi",TRUE
"Smoking at Sundown","peerless","lofi","3","lofi",TRUE
"Tank! (Cowboy Bebop)","Otaku, LoFi Waiter","lofi","3","lofi",TRUE
"Rise Up","Andra Day","pop","3","lofi",FALSE
"black roses","mood.","lofi","3","lofi",TRUE
"Young And Beautiful","Lana Del Rey","ambient","3","lofi",FALSE
"petra's lullaby","sellar","lofi","3","lofi",TRUE
"National Park (Pokémon Gold & Silver)","Ren Avel","lofi","3","lofi",TRUE
"Karma With Some Fries","Origami Boy","lofi","3","lofi",TRUE
"Kimi ni Todoke (Kimi ni Todoke)","Ren Avel","lofi","3","lofi",TRUE
"Amour","Jacky Cheung","cantopop","3","lofi",FALSE
"Cult to A Saint","Rhys, AKA lisa","folk","3","lofi",FALSE
"Have a Nice Day","LoFi Waiter","lofi","3","lofi",TRUE
"輕撫妳的臉","Jacky Cheung","cantopop","3","lofi",FALSE
"絲絲記憶 - 電影「錯點鴛鴦」主題曲","Jacky Cheung","cantopop","3","lofi",FALSE
"From the Dining Table","Harry Styles","ambient","3","lofi",FALSE
"情人知己","Sally Yeh","cantopop","3","lofi",FALSE
"rises the moon","Liana Flores","ambient","3","lofi",FALSE
"阿信的故事","Sally Yeh","cantopop","3","lofi",FALSE
"Violet City (Pokémon Gold & Silver)","Ren Avel","lofi","3","lofi",TRUE
"Bloom","Alexander Grandjean","folk","3","lofi",FALSE
"In My Room","Chance Peña","ambient","3","lofi",FALSE
"Waiting Room","Phoebe Bridgers","ambient","3","lofi",FALSE
"alone - Remix","FOLA, Bnxn","arabic","3","lofi",FALSE
"Breathe","Yeat","gaming","3","lofi",FALSE
"Agua","Jarabe De Palo","rock","3","lofi",FALSE
"State Lines","Novo Amor","ambient","3","lofi",FALSE
"New York's Only Spider-Man","John Paesano","gaming","3","lofi",FALSE
"Heather","Conan Gray","ambient","3","lofi",FALSE
"Ojitos de Md","Axel Fiks","latin","3","lofi",FALSE
"Anchor","Novo Amor","ambient","3","lofi",FALSE
"Easy On Me","Adele","pop","3","lofi",FALSE
"江上清风游","变奏的梦想","world","3","lofi",FALSE
"All of Me","John Legend","pop","3","lofi",FALSE
"There For You","Y.V.E. 48","electronic","3","lofi",FALSE
"Feels Like","Gracie Abrams","ambient","3","lofi",FALSE
"Black Friday","Tom Odell","ambient","3","lofi",FALSE
"Male Fantasy","Billie Eilish","ambient","3","lofi",FALSE
"Multiply","A & C","lofi","3","lofi",TRUE
"After Hours","Gooee","lofi","3","lofi",TRUE
"omw","Knowmadic","lofi","3","lofi",TRUE
"Miserable Man","David Kushner","ambient","3","lofi",FALSE
"Another Love","Tom Odell","pop","3","lofi",FALSE
"New Fires","Christian Löffler, Henry Green","electronic","3","lofi",FALSE
"Mimose","Parra for Cuva","electronic","3","lofi",FALSE
"Thelema","Øfdream","electronic","3","lofi",FALSE
"Barcelona","Frank Yates","latin","3","lofi",FALSE
"Picadilly","Erwin Do, flâneur, Beto Braga, Raouf","jazz","3","lofi",FALSE
"Sunset Cruising","Beats by Tobÿ, Tobÿ","jazz","3","lofi",FALSE
"The Girl Who Fell from the Sky","Otaku, LoFi Waiter","lofi","3","lofi",TRUE
"Varnam","Jayanthi Kumaresh","indian","3","lofi",FALSE
"floating","Mozzie","jazz","3","lofi",FALSE
"Raga Karnaranjani","Ganesh & Kumaresh","indian","3","lofi",FALSE
"Rain Check","Dylan Sitts","lofi","3","lofi",TRUE
"Indigo","Lazlow","lofi","3","lofi",TRUE
"Stones","W8lss","lofi","3","lofi",TRUE
"Saving All My Love for You","Whitney Houston","blues","3","lofi",FALSE
"Running up That Hill","Dayne S","electronic","3","lofi",FALSE
"Natural Midst","Illum Noyz","lofi","3","lofi",TRUE
"Open Arms (feat. Travis Scott)","SZA, Travis Scott","r&b","3","lofi",FALSE
"Inappropriately Sleeping","Hoffy Beats, Tonion, Louk","jazz","3","lofi",FALSE
"Tenkodo","lorleaf","jazz","3","lofi",FALSE
"Best Part (feat. H.E.R.)","Daniel Caesar, H.E.R.","r&b","3","lofi",FALSE
"Come On Up","jüle., IONA, Chill Select, Bn Hl","jazz","3","lofi",FALSE
"Envy","Christian Löffler, Mogli","electronic","3","lofi",FALSE
"happy moggie","louke's beats","lofi","3","lofi",TRUE
"Calm Your Mind","Kimmø, Kid Tarô, Shuko","jazz","3","lofi",FALSE
"Forgotten Dreams","Holy Jamie","lofi","3","lofi",TRUE
"Passenger","Damn Homies","jazz","3","lofi",FALSE
"Cream","Hans Hu$tle","jazz","3","lofi",FALSE
"Fishizens","Josa","jazz","3","lofi",FALSE
"Coffee Cold","Galt MacDermot","jazz","3","lofi",FALSE
"风和树叶","浩宇","world","3","lofi",FALSE
"Sunday Galaxy Ride","Guzimi","jazz","3","lofi",FALSE
"Pirogue","Odd Panda, Hikari","jazz","3","lofi",FALSE
"Ambivalence","Hanz, emawk","lofi","3","lofi",TRUE
"Tiny Sailboat","Kupla","lofi","3","lofi",TRUE
"暖かい","hopeless_0taku","world","3","lofi",FALSE
"无条件的爱","赵燮","world","3","lofi",FALSE
"The Night Whisperer","Kuroki","world","3","lofi",FALSE
"Please Help Me, I'm Falling","Hank Locklin","country","3","lofi",FALSE
"跨越千山,仍未见你的模样","变奏的梦想, 喵步小雨中","world","3","lofi",FALSE
"Golden Leaves","Kasimir","jazz","3","lofi",FALSE
"Jazzy Mondays","Zmeyev, Screen Jazzmaster","jazz","3","lofi",FALSE
"At the Library","LoFi Waiter","lofi","3","lofi",TRUE
"Felices Siestas","Señor Siesta","jazz","3","lofi",FALSE
"ALWAYS","YOON MIRAE","korean","3","lofi",FALSE
"Beautiful","Crush","korean","3","lofi",FALSE
"重生的生命","赵燮","world","3","lofi",FALSE
"Good & Plenty","Alex Isley, Masego, Jack Dine","soul","3","lofi",FALSE
"somebody new","Mac Ayres","soul","3","lofi",FALSE
"Go Baby","Cleo Sol","soul","3","lofi",FALSE
"Wish You Were Here","Pink Floyd","rock","3","lofi",FALSE
"You Are My Everything","Gummy","korean","3","lofi",FALSE
"I Will Go To You Like the First Snow","AILEE","korean","3","lofi",FALSE
"A Mild Tale Untold","HOYO-MiX","world","3","lofi",FALSE
"风誓 - 纯音乐","刘珂矣, 百慕三石","world","3","lofi",FALSE
"Free Fallin'","Amaria","soul","3","lofi",FALSE
"Como","SamuW, Kimmø","jazz","3","lofi",FALSE
"Mist Veil Over Falls","Yume.Play","world","3","lofi",FALSE
"Incredibly happy","Silk Soul","lofi","3","lofi",TRUE
"Midnight Macchiato","LoFi Waiter","lofi","3","lofi",TRUE
"DESERT EAGLE","Beyoncé","soul","3","lofi",FALSE
"Serenade of The wind","Yume.Play","world","3","lofi",FALSE
"Round And Round","HEIZE, Han Suji","korean","3","lofi",FALSE
"The Weekend","SZA","r&b","3","lofi",FALSE
"MY LOVE","LeeHi","korean","3","lofi",FALSE
"Mezame","Yume.Play","world","3","lofi",FALSE
"Very, Slowly","BIBI","korean","3","lofi",FALSE
"Breath","Sam Kim","korean","3","lofi",FALSE
"Here Always","Seungmin","korean","3","lofi",FALSE
"Shukudai","LoFi Waiter","lofi","3","lofi",TRUE
"Asterisk (Bleach)","Ren Avel","lofi","3","lofi",TRUE
"Dan Dan Kokoro Hikareteku (Dragon Ball GT)","Ren Avel","lofi","3","lofi",TRUE
"Push Up - Main Edit","Creeds","gaming","3","lofi",FALSE
"Simply Beautiful","Maxwell","soul","3","lofi",FALSE
"Early Birds","FloFilz, HNNY","lofi","3","lofi",TRUE
"The Day Before Yesterday","merīkurisumasu!","lofi","3","lofi",TRUE
"Laundry Tessomancy","Violet Blanca","lofi","3","lofi",TRUE
"Cha Cha Cha","Tito Puente","jazz","3","lofi",FALSE
"A Mother’s Lullaby","Kenny G","jazz","3","lofi",FALSE
"MoveOn","NxWorries, Anderson .Paak, Knxwledge","soul","3","lofi",FALSE
"Hægt en bítandi","Tómas R. Einarsson","jazz","3","lofi",FALSE
"Deep Touch","Richard Elliot","jazz","3","lofi",FALSE
"Colors (Code Geass)","Ren Avel","lofi","3","lofi",TRUE
"If I Could Fly","Vincent Ingala","jazz","3","lofi",FALSE
"Guren no Yumiya (Attack on Titan)","Ren Avel","lofi","3","lofi",TRUE
"jar of hearts","Christina Perri","pop","3","lofi",FALSE
"West Coast Coolin'","Norman Brown","jazz","3","lofi",FALSE
"Isla del Ritmo","Ritmo Machine","world","3","lofi",FALSE
"KINTSUGI","HUMBE","latin","3","lofi",FALSE
"9 to 5","The Mayries","folk","3","lofi",FALSE
"Next Journey","robomoque","jazz","3","lofi",FALSE
"Battery Park","Zacky Yazz","jazz","3","lofi",FALSE
"Lake (Pokémon Diamond & Pearl)","Ren Avel","lofi","3","lofi",TRUE
"En Otra Vida","Yami Safdie, Lasso","latin","3","lofi",FALSE
"Lost Woods (The Legend of Zelda)","Ren Avel","lofi","3","lofi",TRUE
"Straight to the Heart","Brian Culbertson","jazz","3","lofi",FALSE
"rainbow bridge","a girl and a cat","lofi","3","lofi",TRUE
"One Last Kiss","Hikaru Utada","j-pop","3","lofi",FALSE
"Kaybeden Hep Bendim","Kerim Araz","turkish","3","lofi",FALSE
"すずめ","RADWIMPS, Toaka","j-pop","3","lofi",FALSE
"Fall Vibes","LoFi Waiter","lofi","3","lofi",TRUE
"Sueca","lorleaf","jazz","3","lofi",FALSE
"Nothing New (feat. Phoebe Bridgers) (Taylor’s Version) (From The Vault)","Taylor Swift, Phoebe Bridgers","ambient","3","lofi",FALSE
"I Got Loaded","Lil' Bob & the Lollipops","world","3","lofi",FALSE
"Dry Tears","Yossi Rodal, iZZy D JaY","world","3","lofi",FALSE
"Amor del Bajo Corrales","Cafe Accordion Orchestra","world","3","lofi",FALSE
"Lucciola","Patrick Saussois","world","3","lofi",FALSE
"Shayad","Pritam, Arijit Singh","indian","3","lofi",FALSE
"No Stress in Cres","Sound Nomaden","electronic","3","lofi",FALSE
"Khairiyat","Pritam, Arijit Singh","indian","3","lofi",FALSE
"Midnight Groove","Nova Night","lofi","3","lofi",TRUE
"Tough Night","Thin Wire","lofi","3","lofi",TRUE
"Can’t Catch Me Now - from The Hunger Games: The Ballad of Songbirds & Snakes","Olivia Rodrigo","ambient","3","lofi",FALSE
"Lençóis (Love Me) - Notre Dame Remix","RY X, Notre Dame","electronic","3","lofi",FALSE
"Paris au mois de Septembre","Tatiana Eva-Marie","world","3","lofi",FALSE
"Perfections","Koralle","jazz","3","lofi",FALSE
"B'Ola - Honour","Sunmisola Agbebi","gospel","3","lofi",FALSE
"Gymnopédies","L.Dre","jazz","3","lofi",FALSE
"Sabai","flâneur, marsquake","jazz","3","lofi",FALSE
"NYC","Jost Esser, SOFLUX","jazz","3","lofi",FALSE
"Echoes","Mindeliq, ØNEMOR3","jazz","3","lofi",FALSE
"Woodwork","Boj","ambient","3","lofi",FALSE
"Flower Kingdom","Mossdeep","lofi","3","lofi",TRUE
"controlla","Idealism","lofi","3","lofi",TRUE
"The Girl With the Cappuccino","LoFi Waiter","lofi","3","lofi",TRUE
"cycles",".Eehou","jazz","3","lofi",FALSE
"Beauty and the Beast - from the Soundtrack ""Beauty and the Beast""","Céline Dion, Peabo Bryson","blues","3","lofi",FALSE
"Glowing State","Maiwan","electronic","3","lofi",FALSE
"Moonlit Cruisin","Banks, AC, Dryden","jazz","3","lofi",FALSE
"Bali","lorleaf","jazz","3","lofi",FALSE
"Heal the World","Michael Jackson","blues","3","lofi",FALSE
"That Summer Feeling","Oilix","jazz","3","lofi",FALSE
"Kids","Hobes, NEIMY","electronic","3","lofi",FALSE
"Think Twice","Cap Kendricks","jazz","3","lofi",FALSE
"Ripples Of Autumn","Mendeville","jazz","3","lofi",FALSE
"Aperitif","Jazzy James","jazz","3","lofi",FALSE
"P_Optimist","Butterscotch","jazz","3","lofi",FALSE
"Myth","Ben Jammin' Beats","jazz","3","lofi",FALSE
"Cynnes","il:lo","electronic","3","lofi",FALSE
"All My Loving","Prince Buster","reggae","3","lofi",FALSE
"A New Day Has Come","Céline Dion","blues","3","lofi",FALSE
"Paris","Trippy Park","lofi","3","lofi",TRUE
"Xtal","Aphex Twin","electronic","3","lofi",FALSE
"Mañana","ron quixote","jazz","3","lofi",FALSE
"Apapane","Oaty., Chancla","jazz","3","lofi",FALSE
"awakenin","RAMZi","electronic","3","lofi",FALSE
"Night Arp Blues","Indian Wells","electronic","3","lofi",FALSE
"Faller tillbaks","Albin Johnsén, Moa Michaeli","pop","3","lofi",FALSE
"Red Curbs Loop (Stuff I Dream About)","Teebs","electronic","3","lofi",FALSE
"Hard Time Killing Floor Blues","Skip James","blues","3","lofi",FALSE
"Hela dig","Felicia Takman","pop","3","lofi",FALSE
"MY EYES","Travis Scott","hip-hop","3","lofi",FALSE
"Nobody Knows You When You're Down and Out","Big Joe Williams","blues","3","lofi",FALSE
"Washington D.C. Hospital Center Blues","Skip James","blues","3","lofi",FALSE
"deliberation","flamingo zamperoni, Chirofafa","jazz","3","lofi",FALSE
"Crazy","Jess Sharon","country","3","lofi",FALSE
"Crow Jane","Skip James","blues","3","lofi",FALSE
"In Deep","Beachwax","electronic","3","lofi",FALSE
"Statesboro Blues","Blind Willie McTell","blues","3","lofi",FALSE
"Blossom","Willow, YVMV","electronic","3","lofi",FALSE
"Preachin' Blues","Son House","blues","3","lofi",FALSE
"Good Morning Little Schoolgirl","Mississippi Fred McDowell","blues","3","lofi",FALSE
"Help Me Lose My Mind","Gravagerz","electronic","3","lofi",FALSE
"The Other Day","halfpastseven","jazz","3","lofi",FALSE
"Cha La Head Cha La (Dragon Ball Z)","Ren Avel","lofi","3","lofi",TRUE
"被遗忘者的故事","浩宇","world","3","lofi",FALSE
"The Night's Tranquility","Kuroki","world","3","lofi",FALSE
"ALL MINE","Brent Faiyaz","r&b","3","lofi",FALSE
"WILDFLOWER","Billie Eilish","pop","3","lofi",FALSE
"Sailor Song","Gigi Perez","pop","3","lofi",FALSE
"Revenge","XXXTENTACION","hip-hop","3","lofi",FALSE
"Enchanted Journeys","Yume.Play","world","3","lofi",FALSE
"Fear When You Fly","Cleo Sol","soul","3","lofi",FALSE
"In Limbo","Pale Jay, Ironsides","soul","3","lofi",FALSE
"Now We Are Free","Brennan Heart, Timmy Trumpet, Blademasterz","electronic","3","lofi",FALSE
"the wanderer","lxst child","electronic","3","lofi",FALSE
"Come Out Ye Black & Tans","The Wolfe Tones","folk","3","lofi",FALSE
"Astral Chill","Virtual Mage","electronic","3","lofi",FALSE
"HOLOGRAPHIC","VXLLAIN","electronic","3","lofi",FALSE
"黯然","小vie","world","3","lofi",FALSE
"Painted Heart","Kuroki, Yume.Play","world","3","lofi",FALSE
"Old Ties and Companions","Watchhouse","folk","3","lofi",FALSE
"Didn't Leave Nobody But The Baby","Emmylou Harris, Alison Krauss, Gillian Welch","folk","3","lofi",FALSE
"清狂《只画水墨》游戏插曲 - 洞箫版","小vie","world","3","lofi",FALSE
"Cold Morning","LoFi Waiter","lofi","3","lofi",TRUE
"Winding River","Lemage","world","3","lofi",FALSE
"if it isn't","METAHESH","electronic","3","lofi",FALSE
"月亮的传说","赵燮","world","3","lofi",FALSE
"Fallen Kingdom","Yume.Play","world","3","lofi",FALSE
"巫女","浩宇","world","3","lofi",FALSE
"Endless Love","Kuroki, Yume.Play","world","3","lofi",FALSE
"Celebrate","Jordan Rakei, STUTS","soul","3","lofi",FALSE
"Windy Hill","Kuroki, Lemage","world","3","lofi",FALSE
"Crystal Tears","Elmiene","soul","3","lofi",FALSE
"月亮","芒果醬 Mango Jump","mandopop","3","lofi",FALSE
"心的旅程","浩宇","world","3","lofi",FALSE
"恬靜古風（輕音樂）","原調音樂","world","3","lofi",FALSE
"Flook","Hector Gachan","pop","3","lofi",FALSE
"Spring 1 - 2012","Max Richter, Daniel Hope, Konzerthaus Kammerorchester Berlin, Andre de Ridder","classical","3","lofi",FALSE
"No es Cierto - Versión Acústica","caoba","latin","3","lofi",FALSE
"朋友 - 電影「龍兄虎弟」歌曲","Alan Tam","cantopop","3","lofi",FALSE
"Ezio's Family","Jesper Kyd, Assassin's Creed","gaming","3","lofi",FALSE
"Så nära","Molly Hammar","pop","3","lofi",FALSE
"Palladio: 1. Allegretto (arr. for Strings Orchestra)","Karl Jenkins, Carmine Lauri, David Alberman, London Symphony Orchestra","classical","3","lofi",FALSE
"late nights","Slowday","lofi","3","lofi",TRUE
"L’Amour, Les Baguettes, Paris","Stella Jang","electronic","3","lofi",FALSE
"In The City","Brian Culbertson","jazz","3","lofi",FALSE
"Work Song","Hozier","ambient","3","lofi",FALSE
"放縱","Sandy Lam","cantopop","3","lofi",FALSE
"Des milliers de je t'aime","Slimane","electronic","3","lofi",FALSE
"Hijo de la Luna - Fils de la Lune","The Top Club Band","electronic","3","lofi",FALSE
"after all","softflow","lofi","3","lofi",TRUE
"La maladie d'amour","Michel Sardou","electronic","3","lofi",FALSE
"情已逝","Jacky Cheung","cantopop","3","lofi",FALSE
"Blossom","VisionV","electronic","3","lofi",FALSE
"Lemon Trees","Louie's Tapes, Lemon Kids","lofi","3","lofi",TRUE
"可不可以","Andy Lau","cantopop","3","lofi",FALSE
"memory","HM Surf, sove","lofi","3","lofi",TRUE
"Getting Older","Billie Eilish","ambient","3","lofi",FALSE
"random thoughts","softclouds","lofi","3","lofi",TRUE
"untitled2","mori","latin","3","lofi",FALSE
"Airy Dream","poems","lofi","3","lofi",TRUE
"Tiger Tales (of the Concrete Jungle)","Tigerpalm*Bay","lofi","3","lofi",TRUE
"Calm","Midnight Pass, Ruffnux","electronic","3","lofi",FALSE
"Chemtrails Over The Country Club","Lana Del Rey","ambient","3","lofi",FALSE
"How to disappear","Lana Del Rey","ambient","3","lofi",FALSE
"vanish","$kyhook, mori","latin","3","lofi",FALSE
"Broken","AVAION","electronic","3","lofi",FALSE
"Childish","Lane 8","electronic","3","lofi",FALSE
"Therapy Session","Boj, Gyakie","ambient","3","lofi",FALSE
"Apocalypse","Cigarettes After Sex","ambient","3","lofi",FALSE
"ready","Fireboy DML, Jon Batiste","ambient","3","lofi",FALSE
"Calm Winds","Dpsht","jazz","3","lofi",FALSE
"searchingforthelights","Tonic Walter","electronic","3","lofi",FALSE
"Evening Walk","Matt Bleu","electronic","3","lofi",FALSE
"Persephone","The Tragic Thrills","ambient","3","lofi",FALSE
"In The Air Tonight - 2015 Remastered","Phil Collins","rock","3","lofi",FALSE
"No Sentir Nada","Marem Ladson","latin","3","lofi",FALSE
"fika","mellow fox","lofi","3","lofi",TRUE
"My Immortal - Band Version","Evanescence","punk","3","lofi",FALSE
"We'll Never Have Sex","Leith Ross","ambient","3","lofi",FALSE
"sunny day dreaming","Twiggy Fiz","lofi","3","lofi",TRUE
"Equinox","admo","electronic","3","lofi",FALSE
"No Goodbyes","ENRA","jazz","3","lofi",FALSE
"All By Myself","Céline Dion","blues","3","lofi",FALSE
"5:32pm","The Deli","electronic","3","lofi",FALSE
"Goth (Slowed + Reverb)","Sidewalks and Skeletons","electronic","3","lofi",FALSE
"The Girl Who Fell From The Sky (Laputa)","Sleepy Tom","lofi","3","lofi",TRUE
"Jardin d'hiver","Henri Salvador","electronic","3","lofi",FALSE
"La mémoire et la mer","Léo Ferré","electronic","3","lofi",FALSE
"Winter Song","Zara Larsson","pop","3","lofi",FALSE
"Islas Desiertas","Casero","latin","3","lofi",FALSE
"Sarasuda Varnam (Raga Saveri, Aadi Tala): Jaya Jaya (Raga Nattai, Khanda Chapu Tala)","Nirmala Rajasekar, Raghavendra Rao, Tanjore K. Murugaboopathi, V. Suresh","indian","3","lofi",FALSE
"Beam Me Up","Adam Space","lofi","3","lofi",TRUE
"Have U","Caius","electronic","3","lofi",FALSE
"Endless Love (with Mariah Carey)","Luther Vandross, Mariah Carey","blues","3","lofi",FALSE
"Oh Keira","Miren","latin","3","lofi",FALSE
"Mister you forgot your hat","Meryl Street","lofi","3","lofi",TRUE
"Only Time","Enya","blues","3","lofi",FALSE
"On The Sly","Monocloud, Lazlow","jazz","3","lofi",FALSE
"Mr. Blue Sky","Electric Light Orchestra","rock","3","lofi",FALSE
"This City Remix (con Camilo)","Sam Fischer, Camilo","latin","3","lofi",FALSE
"Who's Driving?","Galva-Nice","lofi","3","lofi",TRUE
"corazón mármol","Alice Wonder","latin","3","lofi",FALSE
"Car Ride","Gittiye","lofi","3","lofi",TRUE
"Limoerio do Norte","Forro In The Dark","brazilian","3","lofi",FALSE
"The Way To Eden","louke's beats","lofi","3","lofi",TRUE
"תלוי בנו","נהוראי אריאלי","world","3","lofi",FALSE
"Adamant","Kuma","lofi","3","lofi",TRUE
"Sunset Boulevard","Phive O","lofi","3","lofi",TRUE
"midnight escape","sellar","lofi","3","lofi",TRUE
"glow","low&slow","lofi","3","lofi",TRUE
"cashmere","Zatsuma","lofi","3","lofi",TRUE
"spring is coming","jaackson","lofi","3","lofi",TRUE
"my own practice","hoodeeny","lofi","3","lofi",TRUE
"Shifting Sands","G:sson","lofi","3","lofi",TRUE
"Devil Got My Woman - 1994 Remastered","Skip James","blues","3","lofi",FALSE
"Hazel Eyes","Loomington","lofi","3","lofi",TRUE
"Expected Events","Poof Tricks","lofi","3","lofi",TRUE
"Vortex","Zeitgeister","lofi","3","lofi",TRUE
"temporary approved","Oroshi","lofi","3","lofi",TRUE
"High five, low-fi","Dusty Kadinsky","lofi","3","lofi",TRUE
"letter to amtis","nightnotes","lofi","3","lofi",TRUE
"Up In The Clouds Again","astra division","lofi","3","lofi",TRUE
"Autumn Stroll","Pi Teddy","lofi","3","lofi",TRUE
"如絲古風（輕音樂）","原調音樂","world","3","lofi",FALSE
"The City","Audio Phill","lofi","3","lofi",TRUE
"Seasons","M.I Hakone","lofi","3","lofi",TRUE
"the clearing","Zoe Reed","lofi","3","lofi",TRUE
"Softly Whispering","Convivial","lofi","3","lofi",TRUE
"Matcha","Yawuh, Koralle","lofi","3","lofi",TRUE
"Sunny Side","ninetytwo.","lofi","3","lofi",TRUE
"New Season","sunala.","lofi","3","lofi",TRUE
"Love Me Like That","Sam Kim","korean","3","lofi",FALSE
"Second Chances","Gregory Alan Isakov","folk","3","lofi",FALSE
"Bar Breeze","Hammocks & Lime","lofi","3","lofi",TRUE
"Winter Artifacts","Carl Borg","lofi","3","lofi",TRUE
"park stroll","Fya Playce","lofi","3","lofi",TRUE
"Je ne t'aime plus","Manu Chao","electronic","3","lofi",FALSE
"camping trip","Collinsworthy","lofi","3","lofi",TRUE
"Leave Her Johnny","Sean Dagher, Nils Brown, Michiel Schrey, Assassin's Creed","folk","3","lofi",FALSE
"The Railroad","Goodnight, Texas","folk","3","lofi",FALSE
"rose quartz","Cyan_95","lofi","3","lofi",TRUE
"Lo-fi Love Letters","Idris Kelly","lofi","3","lofi",TRUE
"Borrowed Car","slowvibe","lofi","3","lofi",TRUE
"Serenity","Yume.Play","world","3","lofi",FALSE
"這麼多年 - 電影《我想和你在一起》插曲","陳華","mandopop","3","lofi",FALSE
"fuzzy felt","lilibu","lofi","3","lofi",TRUE
"Second Chance","Saiko, Joe Sunrise","jazz","3","lofi",FALSE
"Behind the stars","Slumbering Elk","lofi","3","lofi",TRUE
"Emptiness","VXLLAIN, Navjaxx","electronic","3","lofi",FALSE
"Honestly","Blank x Blank","lofi","3","lofi",TRUE
"Lost World","c152","electronic","3","lofi",FALSE
"Dance The Night","Analog Bow","lofi","3","lofi",TRUE
"Heroes Retreat","Conjure kid","lofi","3","lofi",TRUE
"See What I've Become","Zack Hemsey","classical","3","lofi",FALSE
"riddle","METAHESH","electronic","3","lofi",FALSE
"最后一页 - Live","王赫野, 姚晓棠","mandopop","3","lofi",FALSE
"A Million Blessings","Wizkid","ambient","3","lofi",FALSE
"Son of War","Audio Armoury","classical","3","lofi",FALSE
"A Legacy Uncovered","Icon","classical","3","lofi",FALSE
"devotion","Summer Clarke","lofi","3","lofi",TRUE
"The Last of Us","Gustavo Santaolalla","gaming","3","lofi",FALSE
"HOJE EU VOU COMER NOVINHA 02","DJ AG O GRINGO","brazilian","3","lofi",FALSE
"FOMO","Goldmax, Dlala Thukzin, Funky Qla, Zee Nxumalo, Beast Rsa","afrobeats","3","lofi",FALSE
"deep reverie","buggy beats","lofi","3","lofi",TRUE
"Bareru Rōru","d.w.h","lofi","3","lofi",TRUE
"Autoestima","Cupido","latin","3","lofi",FALSE
"Let It Flow","Altair Blake","lofi","3","lofi",TRUE
"Jazzy Afternoon","LoFi Waiter","lofi","3","lofi",TRUE
"Green Coco","Alana Coello","lofi","3","lofi",TRUE
"catch me","knock on wood","lofi","3","lofi",TRUE
"yo!","H I K E","lofi","3","lofi",TRUE
"neutron","Cyan_95","lofi","3","lofi",TRUE
"I Miss You, I Do","Arny Margret","folk","3","lofi",FALSE
"i don’t know what i saw in you","Malen","folk","3","lofi",FALSE
"The Speed of Life","Malin Pettersen","folk","3","lofi",FALSE
"The Jam","Audio Phill","lofi","3","lofi",TRUE
"codepending","AKA lisa","folk","3","lofi",FALSE
"Gold Tear","Sleepy Tom","lofi","3","lofi",TRUE
"Beautiful Woman","Sarah Klang","folk","3","lofi",FALSE
"Floetry","Altair Blake","lofi","3","lofi",TRUE
"morning coffee","bearé","lofi","3","lofi",TRUE
"Love Songs","Emmelie de Forest","folk","3","lofi",FALSE
"Animal","Oklahoma","folk","3","lofi",FALSE
"Streets Of Rio","Erwin Do, Lenny B","jazz","3","lofi",FALSE
"Fear/Hope","Malin Pettersen","folk","3","lofi",FALSE
"Drizzle","Philanthrope","jazz","3","lofi",FALSE
"Yuna","Kanisan, lost echoes","jazz","3","lofi",FALSE
"Butterfly Weed","The Lofi Big Band","jazz","3","lofi",FALSE
"Call a Friend","C4C, Plusma","jazz","3","lofi",FALSE
"Lost Without You","chill.farm","lofi","3","lofi",TRUE
"Memories & Notes","Juliette","lofi","3","lofi",TRUE
"Erase","Ben Böhmer, lau.ra","electronic","3","lofi",FALSE
"Watching Walls","Sleepermane, Dontcry","lofi","3","lofi",TRUE
"Lost in the Mail","Dylan Sitts","lofi","3","lofi",TRUE
"lemon soda","Jost Esser, Sleeping Dove, very noise person","jazz","3","lofi",FALSE
"Nicosia","Showyou","jazz","3","lofi",FALSE
"Everything I Need","Stekt","lofi","3","lofi",TRUE
"Through The Garden","eze east","lofi","3","lofi",TRUE
"Cherry Wine - Live","Hozier","ambient","3","lofi",FALSE
"Wistful Silhouettes","Chill Def, alt.bin.beats","lofi","3","lofi",TRUE
"Through the Portal","iasilma","lofi","3","lofi",TRUE
"Downers At Dusk","Talha Anjum, Umair","hip-hop","3","lofi",FALSE
"When I Was Your Man","Bruno Mars","pop","3","lofi",FALSE
"Chiquillo","OjosPielCanela","latin","3","lofi",FALSE
"Beauty","W8lss","lofi","3","lofi",TRUE
"Hidden Gems","SamuW, Mendeville, Lazlow","jazz","3","lofi",FALSE
"poolside","May-Flowa","lofi","3","lofi",TRUE
"blue bird","Slipp, Nick's chill factory","lofi","3","lofi",TRUE
"Garden Suitcase","hello low","lofi","3","lofi",TRUE
"shanghai tower","yellofish","lofi","3","lofi",TRUE
"A Little Distance","Tristeza","rock","3","lofi",FALSE
"fastback ride","Nitta' Gritta'","lofi","3","lofi",TRUE
"One more for the road","Attic Dizzt","lofi","3","lofi",TRUE
"Preciso","Tom Doolie","lofi","3","lofi",TRUE
"Stuck On You","Lionel Richie","blues","3","lofi",FALSE
"less-than-flattering","Slow Bounce","lofi","3","lofi",TRUE
"Onlar Anlamaz Halden","Semicenk","turkish","3","lofi",FALSE
"Laurel Canyon","cuttingwood","lofi","3","lofi",TRUE
"3weeks","mori","latin","3","lofi",FALSE
"until we meet again","LVTA","lofi","3","lofi",TRUE
"Peaceful Ghost","Salvador, Nick's chill factory","lofi","3","lofi",TRUE
"Forrowest","Forro In The Dark","brazilian","3","lofi",FALSE
"saveme.","Dpsht, tenkousei.","lofi","3","lofi",TRUE
"Dad's Typewriter Feels","Looper Boy","lofi","3","lofi",TRUE
"Don't Tell Me I Can't Have It","Sons Of Maria","electronic","3","lofi",FALSE
"Adrift","Yamaneko","electronic","3","lofi",FALSE
"Ella Baila Sola - Acustic French version","Dele GT","electronic","3","lofi",FALSE
"Ta reine","Angèle","electronic","3","lofi",FALSE
"Hokkaido Breeze","Furry Beats","lofi","3","lofi",TRUE
"fantasize","bdazzled.","lofi","3","lofi",TRUE
"Humble Thoughts","Somebody's Son","lofi","3","lofi",TRUE
"Spring Melody","Midan, Beats for Trees","jazz","3","lofi",FALSE
"Midnight Cruisin","Lamar Azul, Mindscape","jazz","3","lofi",FALSE
"King of the Road","George Claymon","country","3","lofi",FALSE
"Criançada (con Castello Branco)","Nicola Cruz, Castello Branco","brazilian","3","lofi",FALSE
"Sunset","Lotus Beats, Notation","lofi","3","lofi",TRUE
"Princess of Persia","Faolan","arabic","3","lofi",FALSE
"Take Me Home, Country Roads (Original Version) [Remastered]","John Denver","country","3","lofi",FALSE
"Lightness","Screen Jazzmaster, Zmeyev","jazz","3","lofi",FALSE
"Mood Swings","Mr. Käfer, Niklas Nadidai","jazz","3","lofi",FALSE
"Greek Summer","Thomas Konstantinou, Michalis Koumbios","arabic","3","lofi",FALSE
"Kyoto","Innocent Panda","electronic","3","lofi",FALSE
"Nothing's New","Rio Romeo","pop","3","lofi",FALSE
"DO 4 LOVE","Snoh Aalegra","soul","3","lofi",FALSE
"Lush","Cal Credence","lofi","3","lofi",TRUE
"New Chapter","Jikuru, Lola","jazz","3","lofi",FALSE
"Exotic Cairo","Egyptian Meditation Temple","arabic","3","lofi",FALSE
"Desert Sphinx","Brandon Fiechter","arabic","3","lofi",FALSE
"La Maleva","Francisco Canaro, Orquesta Francisco Canaro","latin","3","lofi",FALSE
"Atlantis of the Sands","Greg Edmonson","arabic","3","lofi",FALSE
"Eastern Falvours","Two Worlds II","arabic","3","lofi",FALSE
"The Nile River","Brandon Fiechter","arabic","3","lofi",FALSE
"Life Form","xander., Rikard From","jazz","3","lofi",FALSE
"starry night","Mathis","lofi","3","lofi",TRUE
"La Vie en rose","Édith Piaf","electronic","3","lofi",FALSE
"Je ne veux pas travailler","Sole Gimenez","electronic","3","lofi",FALSE
"Amour plastique","Videoclub, Adèle Castillon, Mattyeux","electronic","3","lofi",FALSE
"Surrender (feat. Boney James)","Jonathan Butler, Boney James","jazz","3","lofi",FALSE
"Messy","Olivia Dean","soul","3","lofi",FALSE
"Welcome To My Battlegrounds (Original)","Tom Salta","classical","3","lofi",FALSE
"Road to Glory","Audiomachine","classical","3","lofi",FALSE
"I Love You, I'm Sorry","Gracie Abrams","pop","3","lofi",FALSE
"Vision","lxst child","electronic","3","lofi",FALSE
"Si No Estás","iñigo quintero","latin","3","lofi",FALSE
"Flash","Aurora 10","lofi","3","lofi",TRUE
"Marbles","Maggotts&Becketts, chill.farm","lofi","3","lofi",TRUE
"Echoes","c152","electronic","3","lofi",FALSE
"Mais je t'aime","Grand Corps Malade, Camille Lellouche","electronic","3","lofi",FALSE
"Rehab (Winter In Paris)","Brent Faiyaz","r&b","3","lofi",FALSE
"Lazy Locomotive","Cmd q","lofi","3","lofi",TRUE
"No One Noticed","The Marías","pop","3","lofi",FALSE
"head in the clouds","drewbee","lofi","3","lofi",TRUE
"AMNESIA","TIF","electronic","3","lofi",FALSE
"vcr_memories","Willix","electronic","3","lofi",FALSE
"Heureux qui comme Ulysse","Georges Brassens","electronic","3","lofi",FALSE
"A Vaibele A Tsnien","Dave Tarras","world","3","lofi",FALSE
"Born a Legend","Secession Studios, Greg Dombrowski","classical","3","lofi",FALSE
"Unforgiven","Two Steps from Hell, Thomas Bergersen","classical","3","lofi",FALSE
"misses","Dominic Fike","rock","3","lofi",FALSE
"Haneko odori (Bouncing Dance)","Tomoe-Ryu Yutakadaiko","world","3","lofi",FALSE
"Aeternum","Ramin Djawadi, Brandon Campbell","classical","3","lofi",FALSE
"Melt","eze east","lofi","3","lofi",TRUE
"The Desert Bazaar","John Robert Matz","arabic","3","lofi",FALSE
"Our Feelings","Akkoro","lofi","3","lofi",TRUE
"Requiem de l'Amour","Mel Malonga","jazz","3","lofi",FALSE
"E Eu?","Gisele De Santi","brazilian","3","lofi",FALSE
"pistachios forever","uniqlesse","lofi","3","lofi",TRUE
"Condena","Francisco Canaro, Roberto Maida","latin","3","lofi",FALSE
"Follow the Sun","NEIMY","electronic","3","lofi",FALSE
"Mi Dolor","Alfredo De Angelis","latin","3","lofi",FALSE
"Bahia Blanca","Carlos Di Sarli","latin","3","lofi",FALSE
"El escondite de Hernando","Florindo Sassone Y Su Orquesta","latin","3","lofi",FALSE
"A la Gran Muñeca","Alberto Di Paulo","latin","3","lofi",FALSE
"Yunta de Oro","Color Tango","latin","3","lofi",FALSE
"Buscándote","Romántica Milonguera","latin","3","lofi",FALSE
"Oigo Tu Voz","Romántica Milonguera","latin","3","lofi",FALSE
"To Vals Tou Gamou - Remastered","Orchestra Eleni Karaindrou","latin","3","lofi",FALSE
"Ya No Te Hago Falta","Sen Senra","latin","3","lofi",FALSE
"La danse de Mardi Gras","The Balfa Brothers","world","3","lofi",FALSE
"Elden Ring","Tsukasa Saitoh","gaming","3","lofi",FALSE
"llueve","Natalia Lacunza, mori","latin","3","lofi",FALSE
"Ayways","A & C","lofi","3","lofi",TRUE
"todo lo que hago cuando no estás","mori","latin","3","lofi",FALSE
"Fall","Show Dem Camp, The Cavemen., Nsikak David","ambient","3","lofi",FALSE
"309","Nsqk","latin","3","lofi",FALSE
"Where I Find My Mind","Eli & Fur","electronic","3","lofi",FALSE
"change of heart","slowburn","lofi","3","lofi",TRUE
"Au Volant","Elsa & Emilie","pop","3","lofi",FALSE
"Les feuilles mortes","Yves Montand","electronic","3","lofi",FALSE
"My Heart","Asake","ambient","3","lofi",FALSE
"The Sun","Frida Sundemo","pop","3","lofi",FALSE
"Il battagliero - Valzer","Riccardo Tesi","world","3","lofi",FALSE
"Duende","flâneur, Dani Catalá, dennisivnvc","jazz","3","lofi",FALSE
"To Nie Vetier","Stars Of St. Petersburg","world","3","lofi",FALSE
"Fire Barrel","No Spirit, Sátyr, Sitting Duck","jazz","3","lofi",FALSE
"Pulsewidth","Aphex Twin","electronic","3","lofi",FALSE
"Never Alone","Danny Palgon","world","3","lofi",FALSE
"Sailor Song","Gigi Perez","pop","3","lofi",FALSE
"Here With Me","Elina","pop","3","lofi",FALSE
"Good Place","Kathleen Regan","ambient","3","lofi",FALSE
"WILDFLOWER","Billie Eilish","pop","3","lofi",FALSE
"DAMLALAR","M Lisa","turkish","3","lofi",FALSE
"Resonance - Slowed & Reverb","noturgf","electronic","3","lofi",FALSE
"Verden","MEUTE, pølaroit","electronic","3","lofi",FALSE
"Do not forget","Perry Goldfish","lofi","3","lofi",TRUE
"Waves","Gabriel Morais Jr, Ayla Nova","electronic","3","lofi",FALSE
"Better","sign crushes motorist","pop","3","lofi",FALSE
"Ghostride","Crumb","pop","3","lofi",FALSE
"Sleeping on the Blacktop","Colter Wall","folk","3","lofi",FALSE
"In A Good Way","Faye Webster","pop","3","lofi",FALSE
"Autumn Briefs","Dasunny","lofi","3","lofi",TRUE
"I Love You, I'm Sorry","Gracie Abrams","pop","3","lofi",FALSE
"The Night We Met","Lord Huron","pop","3","lofi",FALSE
"Ghostride","Crumb","rock","3","lofi",FALSE
"Hasret","Omar Faruk Tekbilek","arabic","3","lofi",FALSE
"Tea","Osian Lewis","lofi","3","lofi",TRUE
"Milkshake 20 - Alex Wann Remix","Kelis, Alex Wann","electronic","3","lofi",FALSE
"Timelapse","Uno Helmersson, Mari Samuelsen, Jesper Söderqvist, Gunnar Flagstad, TrondheimSolistene","ambient","3","lofi",FALSE
"Adiemus","Karl Jenkins, Mike Ratledge, Adiemus, Jody K. Jenkins, London Philharmonic Orchestra, Mary Carewe","blues","3","lofi",FALSE
"Hidden Cataract","Carl Borg","lofi","3","lofi",TRUE
"Have You Ever Been In Love","Céline Dion","blues","3","lofi",FALSE
"Mammas Don't Let Your Babies Grow up to Be Cowboys","Waylon Jennings, Willie Nelson","country","3","lofi",FALSE
"Balance ton quoi","Angèle","electronic","3","lofi",FALSE
"Mann Bharryaa 2.0 (From ""Shershaah"")","B Praak, Jaani","indian","3","lofi",FALSE
"Douce France","Charles Trenet","electronic","3","lofi",FALSE
"Kolaymi","Brian Keane, Omar Faruk Tekbilek","arabic","3","lofi",FALSE
"Last Moments of Love","Omar Faruk Tekbilek","arabic","3","lofi",FALSE
"Desert Traces","Two Worlds II","arabic","3","lofi",FALSE
"鸿影","变奏的梦想","world","3","lofi",FALSE
"Dance of The Lotus","Yume.Play","world","3","lofi",FALSE
"Flou","Angèle","electronic","3","lofi",FALSE
"Vizion - Centered","Machinedrum","electronic","3","lofi",FALSE
"长安不良帅 - 变奏版","小vie","world","3","lofi",FALSE
"Sol","Dinamarca","electronic","3","lofi",FALSE
"Je t'aimais, je t'aime, je t'aimerai","Francis Cabrel","electronic","3","lofi",FALSE
"Dos X Tres (Demo)","Sebastián Cortés, Roy Borland","latin","3","lofi",FALSE
"Always on My Mind","Jason Morrigan","country","3","lofi",FALSE
"Do No More","Nora En Pure","electronic","3","lofi",FALSE
"favour the brave","Rustique Beats","lofi","3","lofi",TRUE
"Ham On Rye","Worn Tape","lofi","3","lofi",TRUE
"Enchanted Palace","Adrian Von Ziegler","arabic","3","lofi",FALSE
"Divine Overture (Main Theme)","Stephen Barton","gaming","3","lofi",FALSE
"Please Don't Go","Abbey Glover","ambient","3","lofi",FALSE
"Writer In The Dark","Lorde","ambient","3","lofi",FALSE
"Sahara Sunrise","John Grout","arabic","3","lofi",FALSE
"Anyways","Elmiene","soul","3","lofi",FALSE
"Nubia Nur","Lars-Luis Linek","arabic","3","lofi",FALSE
"Down by the Water","Ocie Elliott","folk","3","lofi",FALSE
"Je t'aime moi non plus","Serge Gainsbourg, Jane Birkin","electronic","3","lofi",FALSE
"一人有一個夢想","Vivian Lai","cantopop","3","lofi",FALSE
"Le début du bonheur - Instrumental","Daprinski","classical","3","lofi",FALSE
"Can We Kiss Forever?","Kina, Adriana Proenza","lofi","3","lofi",TRUE
"My Love Mine All Mine","Mitski","ambient","3","lofi",FALSE
"Maple","Living Room, ØNEMOR3","jazz","3","lofi",FALSE
"Fraulein (feat. Tyler Childers)","Colter Wall, Tyler Childers","folk","3","lofi",FALSE
"Beyond the garden","Dizzy Boy","lofi","3","lofi",TRUE
"Aimer à perdre la raison","Jean Ferrat","electronic","3","lofi",FALSE
"All downhill from here","Art Vandeley","lofi","3","lofi",TRUE
"NOVA","Tonic Walter","electronic","3","lofi",FALSE
"Simple","Moussa, Claire Laffut","electronic","3","lofi",FALSE
"piece of cake","Beats Me, Innit?","lofi","3","lofi",TRUE
"Emmett's Theme","Christopher Lennertz","gaming","3","lofi",FALSE
"Live as Lions","Glory Oath + Blood, Robert Leslie Bennett","classical","3","lofi",FALSE
"Unstoppable","E.S. Posthumus","classical","3","lofi",FALSE
"The Machination (ROGUE MIX)","NINJA TRACKS","classical","3","lofi",FALSE
"Veil","Hans Hu$tle, KOMOREBI","jazz","3","lofi",FALSE
"In the Woods Somewhere","Hozier","ambient","3","lofi",FALSE
"Lejos de Mi","FLORIAN","latin","3","lofi",FALSE
"Earth’s Ambassadors","Michael Curran","classical","3","lofi",FALSE
"A Way to Freedom","Epic North, Peter Roe","classical","3","lofi",FALSE
"Champion of the Radiant","Revolt Production Music","classical","3","lofi",FALSE
"Spirit of Valour","Gregory Tan, Atom Music Audio","classical","3","lofi",FALSE
"Blue Drift","Dwayne Ford","classical","3","lofi",FALSE
"有天會再相見","DIOR 大穎","mandopop","3","lofi",FALSE
"Wrath of the Righteous Main Theme","Dmitry V. Silantyev","classical","3","lofi",FALSE
"Crimson Lanterns","Kuroki","world","3","lofi",FALSE
"These Things Will Come To Be","DJ Seinfeld","electronic","3","lofi",FALSE
"benice","okayokay","lofi","3","lofi",TRUE
"Je te laisserai des mots","Patrick Watson","ambient","3","lofi",FALSE
"La maison près de la fontaine","Nino Ferrer","electronic","3","lofi",FALSE
"Blessings","Show Dem Camp, The Cavemen., Moelogo, Nsikak David","ambient","3","lofi",FALSE
"sandwhich beach","Grace Belly","lofi","3","lofi",TRUE
"Nada Y Nadie","Sen Senra","latin","3","lofi",FALSE
"You Are Not Alone","Michael Jackson","blues","3","lofi",FALSE
"no estás","daniel sabater","latin","3","lofi",FALSE
"5 Senti 2","Cupido","latin","3","lofi",FALSE
"God of War II - Main Titles","Gerard Marino","gaming","3","lofi",FALSE
"La mer","Charles Trenet","electronic","3","lofi",FALSE
"Yamaguchi Sansa Odoriuta","Shogetsu Watanabe","world","3","lofi",FALSE
"Eternal Youth","RŮDE","electronic","3","lofi",FALSE
"Harusame","Matsu Take Ensemble","world","3","lofi",FALSE
"Con Bajo Fidelidad","The Fly Guy Five","lofi","3","lofi",TRUE
"ottos visa","bomull","lofi","3","lofi",TRUE
"anywhere","Malen","folk","3","lofi",FALSE
"lacy","Olivia Rodrigo","ambient","3","lofi",FALSE
"Inner Peace","Moon Cheese","lofi","3","lofi",TRUE
"horizon","Lunar Lullaby & yorukaze","lofi","3","lofi",TRUE
"Japanese Peace Song","Asian Traditional Music","world","3","lofi",FALSE
"con leche","Camden Clown","lofi","3","lofi",TRUE
"Ojos de Serpiente","DORA","latin","3","lofi",FALSE
"The Mist: Pt. 2","Frans Bak, Mari Samuelsen, Hakon Samuelsen, Keld Haaning Ibsen, TrondheimSolistene","ambient","3","lofi",FALSE
"Worldwide","Asake","ambient","3","lofi",FALSE
"Greater Together (Album Version)","John Paesano, Ben Billions","gaming","3","lofi",FALSE
"Black Friday (pretty like the sun)","Lost Frequencies, Tom Odell","electronic","3","lofi",FALSE
"Slowmotion","Zauvage","lofi","3","lofi",TRUE
"Japanese Traditional Music","Traditional Japanese Music","world","3","lofi",FALSE
"Defying the Odds","Justin Burnett","gaming","3","lofi",FALSE
"Japanese Tea Ceremony","Music Time","world","3","lofi",FALSE
"Dauntless","Audiomachine","classical","3","lofi",FALSE
"Black Friday (pretty like the sun)","Lost Frequencies, Tom Odell","electronic","3","lofi",FALSE
"no way but up","Phresh Milk","lofi","3","lofi",TRUE
"My Promise","myndstream","lofi","3","lofi",TRUE
"The First Hunter","SIE Sound Team","gaming","3","lofi",FALSE
"Baiana 2022","Ladji Mouflet","brazilian","3","lofi",FALSE
"25","Rod Wave","hip-hop","3","lofi",FALSE
"MTG MALDIÇÃO ETERNA 1.0 (Slowed)","DJ GLK, MC LIPEX, Dj luis do grau","brazilian","3","lofi",FALSE
"Olorun","Asake","ambient","3","lofi",FALSE
"Satin Soul","Ghostnaut, Lunath","lofi","3","lofi",TRUE
"Assassin's Creed IV Black Flag Main Theme","Brian Tyler, Assassin's Creed","gaming","3","lofi",FALSE
"Ana Delay","Kanari Music","arabic","3","lofi",FALSE
"Transformers Prime","Brian Tyler, Transformers","classical","3","lofi",FALSE
"Get You The Moon (feat. Snøw)","Kina, Snøw","lofi","3","lofi",TRUE
"pawsitive","misty tapes","lofi","3","lofi",TRUE
"looking back","nearly monday","lofi","3","lofi",TRUE
"Kodaiko","Taisei Iwasaki","world","3","lofi",FALSE
"School Rooftop - Slowed Down Version","Hisohkah, WMD","electronic","3","lofi",FALSE
"Halley's Comet","Billie Eilish","ambient","3","lofi",FALSE
"Freedom Fighters","Thomas Bergersen, Two Steps from Hell","classical","3","lofi",FALSE
"Scared of You","Bobby, I Miss You","ambient","3","lofi",FALSE
"ting","_tag","lofi","3","lofi",TRUE
"海闊天空","Beyond","cantopop","3","lofi",FALSE
"Deha","The Kyoto Nohgaku Kai","world","3","lofi",FALSE
"Avocades","Breakfast For Brunch","lofi","3","lofi",TRUE
"Japanese Drums","Japanese Taiko Drums","world","3","lofi",FALSE
"Mirage Theme - From Assassin's Creed Mirage","Brendan Angelides, Assassin's Creed, Layth Sidiq","gaming","3","lofi",FALSE
"Hold Me","Lavern","electronic","3","lofi",FALSE
"晨风","赵燮","world","3","lofi",FALSE
"壊れやすい心","hopeless_0taku","world","3","lofi",FALSE
"Margaret (feat. Bleachers)","Lana Del Rey, Bleachers","ambient","3","lofi",FALSE
"The Last of Us Part II","Gustavo Santaolalla","gaming","3","lofi",FALSE
"NFWMB","Hozier","ambient","3","lofi",FALSE
"Haru no Umi","Masayo Ishigure","world","3","lofi",FALSE
"じょんがら 健一","Yoshida Brothers","world","3","lofi",FALSE
"Let's Puddle","Lime Nyorobon","lofi","3","lofi",TRUE
"Musashi Mai Uchi","Joji Hirota Taiko Drummers","world","3","lofi",FALSE
"Arkham City Main Theme","Nick Arundel","gaming","3","lofi",FALSE
"toler","kaido","ambient","3","lofi",FALSE
"stellar",".diedlonely, énouement","electronic","1","classical",FALSE
"Wandering","Monica Williams","arabic","1","classical",FALSE
"Incipits","Elviras","ambient","1","classical",FALSE
"memories","leadwave","electronic","1","classical",FALSE
"Time","Hans Zimmer","classical","1","classical",TRUE
"Suite bergamasque, L. 75: III. Clair de lune","Claude Debussy, Alice Sara Ott","classical","1","classical",TRUE
"on the edge","Zupa Fitz","lofi","1","classical",FALSE
"Mahler: Symphony No. 5 in C-Sharp Minor: IV. Adagietto. Sehr langsam","Gustav Mahler, Daniel Barenboim, Chicago Symphony Orchestra","classical","1","classical",TRUE
"Alone Together - Rudy Van Gelder Remaster 2006","Kenny Dorham","jazz","1","classical",FALSE
"Petite Suite de Concert, Op. 77: III. Un sonnet d'amour","Samuel Coleridge-Taylor, Chineke! Orchestra, Anthony Parnther","classical","1","classical",TRUE
"Stardust","Taylor Scott Davis, VOCES8","classical","1","classical",TRUE
"To Build A Home","The Cinematic Orchestra, Patrick Watson","folk","1","classical",FALSE
"Inner Self","Magnolia Dreams","ambient","1","classical",FALSE
"Dreamweaver: 1. Prologue","Ola Gjeilo, The Choir of Royal Holloway, Royal Philharmonic Orchestra, Rupert Gough","classical","1","classical",TRUE
"Whilst Great Is Our Poverty","Cyrillus Kreek, Traditional, Anna-Liisa Eller, Angela Ambrosini, Marco Ambrosini, Vox Clamantis, Jaan-Eik Tulve","classical","1","classical",TRUE
"Haunting Desert","Invadable Harmony","arabic","1","classical",FALSE
"Now Sleeps The Crimson Petal (Four Madrigals On Rose Texts): Now Sleeps The Crimson Petal","Paul Mealor, Tenebrae, Nigel Short","classical","1","classical",TRUE
"Symphony No. 8 in B Minor, D. 759 ""Unfinished"": I. Allegro moderato","Franz Schubert, Wiener Philharmoniker, Josef Krips","classical","1","classical",TRUE
"The Marriage of Figaro Overture, KV 492","Wolfgang Amadeus Mozart, London Philharmonic Orchestra, Alfred Scholz","classical","1","classical",TRUE
"The Sorcerer's Apprentice","Paul Dukas, Philharmonia Orchestra","classical","1","classical",TRUE
"Egypt Unveiled, Pt. I","Hossam Ramzy, Phil Thornton","arabic","1","classical",FALSE
"Éphémère","Tony Anderson","classical","1","classical",TRUE
"Piano Concerto in One Movement: Adagio cantabile","Florence Beatrice Price, Jeneba Kanneh-Mason, Chineke! Orchestra, Leslie Suganandarajah","classical","1","classical",TRUE
"Idea 1","Gibran Alcocer","classical","1","classical",TRUE
"Sink","7038634357","electronic","1","classical",FALSE
"Nuvole Bianche","Ludovico Einaudi","classical","1","classical",TRUE
"afternoon walk","herbstreit","lofi","1","classical",FALSE
"The Promised Light of Life","Cheryl Frances-Hoad, Owain Park, The Gesualdo Six","classical","1","classical",TRUE
"aquatic ambience","Scizzie","electronic","1","classical",FALSE
"Gnossienne No. 1","Erik Satie, Alena Cherny","classical","1","classical",TRUE
"Veris gratia, Op. 6: VII. Hymn to Cypris","Kenneth Leighton, David Cuthbert, The Choir of The Queen's College Oxford, Owen Rees, Britten Sinfonia","classical","1","classical",TRUE
"Liebestraum No. 3 in A-Flat Major, S. 541 / 3","Franz Liszt, Lang Lang","classical","1","classical",TRUE
"Rodrigo: Concierto de Aranjuez: II. Adagio","Joaquín Rodrigo, Thibaut García, Ben Glassberg, Orchestre National Du Capitole De Toulouse","classical","1","classical",TRUE
"Eyes Closed","Red Cedar","lofi","1","classical",FALSE
"The Carnival of the Animals, R. 125: XIII. The Swan (Arr. for Cello and Piano)","Camille Saint-Saëns, Yo-Yo Ma, Kathryn Stott","classical","1","classical",TRUE
"Eine kleine Nachtmusik K. 525: Allegro","Wolfgang Amadeus Mozart, Andrew Watkinson","classical","1","classical",TRUE
"Scheherazade: The Tale of the Kalendar Prince","Nikolai Rimsky-Korsakov, Lars Hjalmar Joakim","classical","1","classical",TRUE
"Chopin: Nocturne No. 20 in C-Sharp Minor, Op. Posth.","Frédéric Chopin, Mikhail Pletnev","classical","1","classical",TRUE
"Piano Concerto No. 3 in C, Op. 26: 1. Andante - Allegro","Sergei Prokofiev, Behzod Abduraimov, Orchestra Sinfonica Nazionale Della RAI, Juraj Valcuha","classical","1","classical",TRUE
"Snooze Groove","Dozy Duzzn","lofi","1","classical",FALSE
"Restore - Instrumental","Salt Of The Sound, Simon Wester","electronic","1","classical",FALSE
"Piano Concerto in A Minor, Op. 16: I. Allegro molto moderato - Radio Edit","Edvard Grieg, Alexandra Dariescu, Philharmonia Orchestra, Tianyi Lu","classical","1","classical",TRUE
"find whats lost","mutedvibes","lofi","1","classical",FALSE
"Bizet: Carmen, WD 31: Prélude","Georges Bizet, Michel Plasson, Orchestre National Du Capitole De Toulouse","classical","1","classical",TRUE
"Umbra","Jakob Ahlbom","electronic","1","classical",FALSE
"Sonata No. 14 ""Moonlight"" in C-Sharp Minor"", Op. 27 No. 2: I. Adagio sostenuto","Ludwig van Beethoven, Paul Lewis","classical","1","classical",TRUE
"Clairvoyance","Jon Hassell","classical","1","classical",TRUE
"Seek Him That Maketh The Seven Stars","Jonathan Dove, The Choir of Magdalen College, Oxford, Edward Byrne, Mark Williams","classical","1","classical",TRUE
"Waltz","Fabrizio Paterlini","classical","1","classical",TRUE
"Monarch","From Somewhere Quiet","electronic","1","classical",FALSE
"Relent","Jakob Ahlbom","electronic","1","classical",FALSE
"Oceans Apart","Ben Crosland","classical","1","classical",TRUE
"Idea 9","Gibran Alcocer","classical","1","classical",TRUE
"Sense of Perception","Charlie Ryder","electronic","1","classical",FALSE
"Spiegel im Spiegel - Version for Violin and Piano","Arvo Pärt, Vladimir Spivakov, Sergej Bezrodny","classical","1","classical",TRUE
"Trampoline","Stilhed, Jacob David","electronic","1","classical",FALSE
"Chapter Three","Sarah Watson","electronic","1","classical",FALSE
"dvale","bløeme","electronic","1","classical",FALSE
"SoulShower","Bus Topp","lofi","1","classical",FALSE
"Memory Arc","Rival Consoles","electronic","1","classical",FALSE
"Prince Igor (Knyaz Igor): Act II: Polovtsian Dances - Ulyetay na kril'yahk vyetra (Fly away on the wings of the wind) (version for chorus)","Alexander Borodin, Angelina Shvachka, Dmytro Popov, Mykola Koval, Taras Shtonda, Mykola Hobdych, Kiev Chamber Choir, Ukraine National Radio Symphony Orchestra, Theodore Kuchar","classical","1","classical",TRUE
"Bagatelle No. 25 in A Minor, WoO 59 ""Für Elise""","Ludwig van Beethoven, Igor Levit","classical","1","classical",TRUE
"The Prince Of Persia - From ""Prince of Persia: The Sands of Time""/Score","Harry Gregson-Williams","arabic","1","classical",FALSE
"Handel / Orch. Hale: Keyboard Suite No. 4 in D Minor, HWV 437: III. Sarabande","George Frideric Handel, Alexander Briger, Academy of St. Martin in the Fields","classical","1","classical",TRUE
"The Fig Tree","Jakob Ahlbom","electronic","1","classical",FALSE
"Through the Trees","Raphah, We Dream of Eden","electronic","1","classical",FALSE
"Autonomy","Jakob Ahlbom, Hanna Ekström, Anna Dager","electronic","1","classical",FALSE
"Behind Every Decision","Yehezkel Raz","classical","1","classical",TRUE
"Eyries","Jakob Ahlbom, Hanna Ekström, Anna Dager","electronic","1","classical",FALSE
"Piano Concerto No. 2 in C Minor, Op. 18: 2. Adagio sostenuto","Sergei Rachmaninoff, Valentina Lisitsa, London Symphony Orchestra, Michael Francis","classical","1","classical",TRUE
"Ständchen in D Minor (After Schubert), S. 560","Franz Liszt, Lise de la Salle","classical","1","classical",TRUE
"Stopping by Woods on a Snowy Evening","Rebecca Dale, Robert Frost, Tenebrae, Nigel Short","classical","1","classical",TRUE
"Ecosystem","Jakob Ahlbom, Anna Dager, Hanna Ekström","electronic","1","classical",FALSE
"Tchaikovsky: Swan Lake, Op. 20, Act 2: No. 10, Scene. Moderato","Pyotr Ilyich Tchaikovsky, André Previn, London Symphony Orchestra","classical","1","classical",TRUE
"Sonata No. 14 ""Moonlight"" in C-Sharp Minor"", Op. 27 No. 2: I. Adagio sostenuto","Ludwig van Beethoven, Paul Lewis","classical","1","classical",TRUE
"luminescence","steezy prime, luv pug","lofi","1","classical",FALSE
"Waves of the Unconscious Mind","Sol Reya","classical","1","classical",TRUE
"Pink And Golden Billows","Brambles","classical","1","classical",TRUE
"Wav1","Terekke","classical","1","classical",TRUE
"Heyr, himna smiður","Härlanda Chamber Choir, David Molin","classical","1","classical",TRUE
"There Will Come Soft Rains","Ēriks Ešenvalds, The Pacific Lutheran Choir Of The West, Richard Nance","classical","1","classical",TRUE
"I Thought About Death, About Time","Benjamin Gustafsson","classical","1","classical",TRUE
"Fantas Morbida","Caterina Barbieri, Kara-Lis Coverdale","classical","1","classical",TRUE
"Resignación","Murcof","classical","1","classical",TRUE
"Barber: Adagio for Strings","Samuel Barber, Sir Simon Rattle, Berliner Philharmoniker","classical","1","classical",TRUE
"O Magnum Mysterium: O magnum mysterium","Morten Lauridsen, Chamber Choir Of Europe, Nicol Matt","classical","1","classical",TRUE
"Khachaturian: Spartacus Suite No. 2: I. Adagio of Spartacus and Phrygia","Aram Khachaturian, London Symphony Orchestra","classical","1","classical",TRUE
"Low Battery","jeppa.","lofi","1","classical",FALSE
"Pelléas et Mélisande Suite, Op. 80: III. Sicilienne. Allegretto molto moderato","Gabriel Fauré, Berliner Philharmoniker, Daniel Barenboim","classical","1","classical",TRUE
"String Quintet in E Major, G. 275: III. Menuetto","Luigi Boccherini, Orpheus Chamber Orchestra","classical","1","classical",TRUE
"In Bloom","Antonio Ministeri","electronic","1","classical",FALSE
"New Beginning","AEMIA","electronic","1","classical",FALSE
"love is like the wind","Ross Lara","electronic","1","classical",FALSE
"Rhapsody on a Theme of Paganini, Op. 43: Variation No. 18 Andante cantabile","Sergei Rachmaninoff, Daniil Trifonov, Philadelphia Orchestra, Yannick Nézet-Séguin","classical","1","classical",TRUE
"A Ri Rang","Hideo Osaka Ensemble","world","1","classical",FALSE
"Glum Look","drawn animal","lofi","1","classical",FALSE
"Tomorrow, I'll be fine","Onur Tarçın","electronic","1","classical",FALSE
"Deep","Peter Sandberg","electronic","1","classical",FALSE
"Cavendish Creek","Charlie Ryder","electronic","1","classical",FALSE
"Tundra","Immanu El","electronic","1","classical",FALSE
"The Well-Tempered Clavier, Book 1, BWV 846-869 / Prelude & Fugue in C Major, BWV 846: I. Prelude","Johann Sebastian Bach, Lang Lang","classical","1","classical",TRUE
"Heartbeat","Ross Lara","electronic","1","classical",FALSE
"cure all - reimagined","Dear Gravity","electronic","1","classical",FALSE
"The Distance Between Us III","Alfonso Peduto","electronic","1","classical",FALSE
"Days before","Dino P","lofi","1","classical",FALSE
"Otoko-koko-ni Ariki (This is the man)","Wadaiko Matsuriza","world","1","classical",FALSE
"Song For O","Ward Dhoore","electronic","1","classical",FALSE
"distorted memories","Øneheart, reidenshi","electronic","1","classical",FALSE
"暁 Akatsuki","Kodo","world","1","classical",FALSE
"Exist","Giuliano Poles","electronic","1","classical",FALSE
"Distant Memory","Simon Wester, We Dream of Eden","electronic","1","classical",FALSE
"Sun","Sun Rain, Alaskan Tapes","electronic","1","classical",FALSE
"Near Light","Ólafur Arnalds, Mari Samuelsen, Hakon Samuelsen, TrondheimSolistene","ambient","1","classical",FALSE
"The Mist: Pt. 1","Frans Bak, Mari Samuelsen, Hakon Samuelsen, Keld Haaning Ibsen, TrondheimSolistene","ambient","1","classical",FALSE
"Psalm 22.21","jung jaeil, VOCES8","classical","1","classical",TRUE
"The Mist: Pt. 3","Frans Bak, Mari Samuelsen, Hakon Samuelsen, Keld Haaning Ibsen, TrondheimSolistene","ambient","1","classical",FALSE
"Darf ich ...","Arvo Pärt, Mari Samuelsen, TrondheimSolistene","ambient","1","classical",FALSE
"Love & Rage","Johan Söderqvist, Mari Samuelsen, TrondheimSolistene","ambient","1","classical",FALSE
"Study In Rituals, Prelude","Mari Samuelsen, Hakon Samuelsen, Johan Söderqvist, Uno Helmersson, TrondheimSolistene","ambient","1","classical",FALSE
"Shenandoah","Traditional, Westminster Choir, James Jordan, Gregory Stout","classical","1","classical",TRUE
"Only in Sleep","Ēriks Ešenvalds, Stephen Layton, The Choir Of Trinity College, Cambridge","classical","1","classical",TRUE
"Glaciers","Lights & Motion","electronic","1","classical",FALSE
"The Ends","Luke Howard","electronic","1","classical",FALSE
"Ariana","Tony Anderson","electronic","1","classical",FALSE
"Rush/Rest","Benjamin Drewitz","electronic","1","classical",FALSE
"灵魂的和谐","赵燮","world","1","classical",FALSE
"Solskur - Rework","Patrik Berg Almkvisth, LUCHS, Hollie Kenniff","electronic","1","classical",FALSE
"Enghave Lys","Henrik Lindstrand","electronic","1","classical",FALSE
"december - Music Within remix","Dear Gravity, Music Within","electronic","1","classical",FALSE
"We Still Share the Same Sky","Koshun Nakao","electronic","1","classical",FALSE
"Doldrums","Joseff Shields","ambient","1","classical",FALSE
"Ravel: Pavane pour une infante défunte, M. 19","Maurice Ravel, Bertrand Chamayou","classical","1","classical",TRUE
"Violin Sonata in A major, FWV 8: IV. Allegretto poco mosso","César Franck, Joshua Bell, Jeremy Denk","classical","1","classical",TRUE
"Toyohashi-matsuri (Toyohashi Festival) - Onibi (Demon Flame)","Tomoe-Ryu Yutakadaiko","world","1","classical",FALSE
"Ceres","Ageena","ambient","1","classical",FALSE
"Times","Medi Mindler","ambient","1","classical",FALSE
"Renascence","Dreamlifter","ambient","1","classical",FALSE
"Echoes","Leya Watson","ambient","1","classical",FALSE
"And So It Continues","Johannes Baumer, Distant Cowboy","electronic","1","classical",FALSE
"Aria","Across The Great Valley","electronic","1","classical",FALSE
"Cambridge","From Somewhere Quiet","electronic","1","classical",FALSE
"Reflections","Borrtex","classical","1","classical",TRUE
"Beving: Ala","Joep Beving","classical","1","classical",TRUE
"Appearance","Nessa Wright","ambient","1","classical",FALSE
"Circuting 417 Hz","Alembra","ambient","1","classical",FALSE
"Subdue","Solen Taylor","ambient","1","classical",FALSE
"Kamala Whispers","Gerda Holmes","ambient","1","classical",FALSE
"Cove","Mareina","ambient","1","classical",FALSE
"Eon","Luna Novina","ambient","1","classical",FALSE
"Meander","Anders Schill Paulsen","ambient","1","classical",FALSE
"Sapphire","Onedin","ambient","1","classical",FALSE
"Avinu Malkeinu (Arr. Clements for Cello & Vocal Ensemble)","Max Janowski, Sheku Kanneh-Mason, VOCES8","classical","1","classical",TRUE
"Exhale","Placidous","ambient","1","classical",FALSE
"Sublimity","Aerial Lakes","ambient","1","classical",FALSE
"New Mercies","Anneline Hugo","electronic","1","classical",FALSE
"Run","Fryderyk HD, Lilibet","electronic","1","classical",FALSE
"Hoarfrost","PuzzleWaves","electronic","1","classical",FALSE
"Lakewood","Adalione","electronic","1","classical",FALSE
"Northern","Sailsetter","electronic","1","classical",FALSE
"Altitude","Beneath The Mountain","electronic","1","classical",FALSE
"Sand Castle","Taisen","electronic","1","classical",FALSE
"Nostalgia","Libby Flores","electronic","1","classical",FALSE
"Lost Love","Ben Laver","electronic","1","classical",FALSE
"Landscapes","Uutela","electronic","1","classical",FALSE
"Coasting","Euan Dalgarno","electronic","1","classical",FALSE
"Carry Me Away","From Somewhere Quiet","electronic","1","classical",FALSE
"petals","springwell.","electronic","1","classical",FALSE
"Where Nothing Is Forgotten","Kyle Preston","electronic","1","classical",FALSE
"Hope and a Future","Raphah","electronic","1","classical",FALSE
"First Heartbeat","Sarah Watson","electronic","1","classical",FALSE
"No3 | Madrugada","Andreas Hauschild","electronic","1","classical",FALSE
"Cosmos","So Lis","ambient","1","classical",FALSE
"A Place For The Mind","n.i.g.h.t","ambient","1","classical",FALSE
"Simien","Petros Idris","ambient","1","classical",FALSE
"Resonance","Christopher Galovan","electronic","1","classical",FALSE
"Seven Years","Josh Leake","electronic","1","classical",FALSE
"Then There Was You","Beneath The Mountain","electronic","1","classical",FALSE
"Foundation","Matheo Lyon","ambient","1","classical",FALSE
"风之歌","浩宇","world","1","classical",FALSE
"Somnova","Reso Nata","ambient","1","classical",FALSE
"跳舞的叶子","浩宇","world","1","classical",FALSE
"Nightlight","DEX 1200","ambient","1","classical",FALSE
"Breaking Silence","Sounding Cosmos","ambient","1","classical",FALSE
"Animálico","Huma","ambient","1","classical",FALSE
"Radiance","Quiet Tones","ambient","1","classical",FALSE
"Connection","Latehours","ambient","1","classical",FALSE
"Le Onde","Ludovico Einaudi","classical","1","classical",TRUE
"Aftermoon Nap","Whispered Dreams","ambient","1","classical",FALSE
"Gentle Insight","Parting Clouds","ambient","1","classical",FALSE
"In Vain","Kouyou","ambient","1","classical",FALSE
"Hyperbola","Map Of My Mind","ambient","1","classical",FALSE
"luminesce","Flyndon","ambient","1","classical",FALSE
"Evolving","Cthulhu Ramón","ambient","1","classical",FALSE
"Favaloro","Zoniacs","ambient","1","classical",FALSE
"Nebbia","Luca Magliano","ambient","1","classical",FALSE
"#3","Aphex Twin","classical","1","classical",TRUE
"Tauri Verme","Aitne","wellness","1","classical",FALSE
"Eclipse","parrow","lofi","1","classical",FALSE
"Heima","Ronja Mair","wellness","1","classical",FALSE
"Cometus","Noah Moon","wellness","1","classical",FALSE
"Distorted Reflection","MrNotYet","classical","1","classical",TRUE
"Melancholia II","William Basinski","classical","1","classical",TRUE
"Huzurlu","Aidin","wellness","1","classical",FALSE
"Desear","Julia Alvarez","wellness","1","classical",FALSE
"One Drope On World","SWAMP&STAR","wellness","1","classical",FALSE
"Poa Alpina","Biosphere","classical","1","classical",TRUE
"Éphémère","Tony Anderson","classical","1","classical",TRUE
"Cosmic Enlightenment","Stepan Korolev","wellness","1","classical",FALSE
"Shaded Cosmos","Bright Lens","wellness","1","classical",FALSE
"Pelagos","Counting Tides","wellness","1","classical",FALSE
"Omegagigia","Galactica Pivot","wellness","1","classical",FALSE
"Somniantes","Enma","ambient","1","classical",FALSE
"Latitude","George Ian Hewitt","electronic","1","classical",FALSE
"I Opened A Book","Have a Cigar","electronic","1","classical",FALSE
"Equinox","Laurent Emmmerling","wellness","1","classical",FALSE
"Endlessly","Calmative","wellness","1","classical",FALSE
"Wait For Spring","Fya Playce","lofi","1","classical",FALSE
"Samurai Song","Hideo Osaka Ensemble","world","1","classical",FALSE
"Timeless","Elm Lake","ambient","1","classical",FALSE
"Rosy","Misha Burton","ambient","1","classical",FALSE
"Moonlight Cicadas","Castorum","ambient","1","classical",FALSE
"Mahabharata","Mellow Line","ambient","1","classical",FALSE
"Rapids","Evolutionists","ambient","1","classical",FALSE
"Luminescence","Author S","wellness","1","classical",FALSE
"Nejma","A.Z. Louna","wellness","1","classical",FALSE
"Whispering Tides","Quiet Point","wellness","1","classical",FALSE
"Beginning","Georgia Vesper","wellness","1","classical",FALSE
"Quiet Lake","ZenithEcho","wellness","1","classical",FALSE
"Dust","Tristan Axvall","wellness","1","classical",FALSE
"Orbital","Tranquomo","wellness","1","classical",FALSE
"Cycle of Emotions","Benjin Blund","wellness","1","classical",FALSE
"Equilibrium","Burgundy Skies","wellness","1","classical",FALSE
"Isolate My Soul","Stormfields","wellness","1","classical",FALSE
"Split Vision","Tim Eshin","wellness","1","classical",FALSE
"Amaryllian","Lush Lotus","wellness","1","classical",FALSE
"Benevolent","Miriam van Steeg","wellness","1","classical",FALSE
"Aspiration","Silent Motions","wellness","1","classical",FALSE
"Pelagus","Solitary Sun","wellness","1","classical",FALSE
"Tempest","Chasing Storms","wellness","1","classical",FALSE
"Tranquillo","Escix V","wellness","1","classical",FALSE
"Abloom","Drishti","wellness","1","classical",FALSE
"Bountiful","Space Case Travel Inc.","wellness","1","classical",FALSE
"Let go","Nessa Wright","wellness","1","classical",FALSE
"Nattord","Eleonora Feldt","wellness","1","classical",FALSE
"Cavern","Lux Alba","wellness","1","classical",FALSE
"Tidal Energy","Månvarv","wellness","1","classical",FALSE
"Driftwood","Puddle of Head","wellness","1","classical",FALSE
"Placidus","Elvio Martín","wellness","1","classical",FALSE
"Aligne","Casiamty","wellness","1","classical",FALSE
"Quiet Dreams","Astred","wellness","1","classical",FALSE
"Spirals","Hrothgar Tarek","wellness","1","classical",FALSE
"Droplet of Grace","South Noon","wellness","1","classical",FALSE
"Shelter","Armando Mago","wellness","1","classical",FALSE
"Faithful","Ozo Nakuru","wellness","1","classical",FALSE
"Eleni","Carwyn","wellness","1","classical",FALSE
"Innervate","Jasmine Viola","wellness","1","classical",FALSE
"Undulating","Joseff Shields","wellness","1","classical",FALSE
"Floating, Flying","Michel LeBond","wellness","1","classical",FALSE
"Oscalated","Setareha","wellness","1","classical",FALSE
"Listen","Maximilian Sievert","wellness","1","classical",FALSE
"Dancing Thoughts","Lotus Vega","wellness","1","classical",FALSE
"Intergalactico","Universo","wellness","1","classical",FALSE
"Paisible","Pierrette Tremblay","wellness","1","classical",FALSE
"Soundbed","Spring Euphemia","wellness","1","classical",FALSE
"Spectral Vibrations","Paulo May","wellness","1","classical",FALSE
"Natural Beauty","Luka Vida","wellness","1","classical",FALSE
"Meteor 5","Modular 53","wellness","1","classical",FALSE
"Calming Eternity","Celestial Aura","wellness","1","classical",FALSE
"Melancholy","Jonas Sandberg","wellness","1","classical",FALSE
"Metamorphic","Celestial Echoes","wellness","1","classical",FALSE
"We Belong Here","Aaera Mio","wellness","1","classical",FALSE
"Soundscape lord","Anis Flashbacks","wellness","1","classical",FALSE
"Sanyog","Aasmi Jayavant","wellness","1","classical",FALSE
"Serenede","myndstream","wellness","1","classical",FALSE
"Aurora's Embrace","Eternalistic","wellness","1","classical",FALSE
"Creation","Astred","ambient","1","classical",FALSE
"Far Frontier","Mauri Zeen","ambient","1","classical",FALSE
"Sealand","Heno","ambient","1","classical",FALSE
"Everlasting","Alma Meris","ambient","1","classical",FALSE
"Chasing Infinity","The Endity","ambient","1","classical",FALSE
"Ancient Ruins","Slumber Boy","ambient","1","classical",FALSE
"Expectations","different spaces","ambient","1","classical",FALSE
"Rossø","Ganlas","ambient","1","classical",FALSE
"Bondade","Adrian Eden","ambient","1","classical",FALSE
"Subdued","Calil","ambient","1","classical",FALSE
"Reconcile","Jan Garlow","ambient","1","classical",FALSE
"Noctis","Spatia Sonica","ambient","1","classical",FALSE
"Golden Light","J. Cartwright","ambient","1","classical",FALSE
"Echoes Divided","Bright Lens","ambient","1","classical",FALSE
"Aurora","So Lis","ambient","1","classical",FALSE
"Just Breath","Silence Concertos","ambient","1","classical",FALSE
"Chimenarius","Rosa Rogers","ambient","1","classical",FALSE
"milkyway","Øneheart, Antent, Dean Korso","electronic","1","classical",FALSE
"Nightscape, Pt. 1","Oceanic Voices","ambient","1","classical",FALSE
"Moments","Nova Ambia","ambient","1","classical",FALSE
"Everbloom","Aerial Lakes","ambient","1","classical",FALSE
"Yoga","Cosmic Nuit","ambient","1","classical",FALSE
"Torpor Voices","Ayla Nenura","ambient","1","classical",FALSE
"The Dynasty","Andreas Waldetoft, Paradox Interactive","classical","1","classical",TRUE
"Camping","Jóhann Jóhannsson","classical","1","classical",TRUE
"Ultraviolet","James Heather","classical","1","classical",TRUE
"Touches","Somnum Magnam","ambient","1","classical",FALSE
"Shared Vision","Halo, Sean Callery, Colin Stetson","gaming","1","classical",FALSE
"Dreamy","Hania Rani","classical","1","classical",TRUE
"Sweden","C418","gaming","1","classical",FALSE
"You Are The Resistance","Boris Salchow","gaming","1","classical",FALSE
"Cornfield Chase - Piano-Cello Version","Michael Forster, Anna Stevens","classical","1","classical",TRUE
"Ascension","Echoes of Embers","ambient","1","classical",FALSE
"Burning Skies","Kevin Riepl, Jason Graves","gaming","1","classical",FALSE
"Upper Egypt & Lower Egypt - Medley","Pharoah Sanders","jazz","1","classical",FALSE
"Secunda (Transcr. Trifonov for Piano) - From ""The Elder Scrolls: Skyrim""","Jeremy Soule, Daniil Trifonov","gaming","1","classical",FALSE
"Afterhours","cxlt.","lofi","1","classical",FALSE
"Sogniare","Darmian Coté","ambient","1","classical",FALSE
"Enthroned on Mount Olympus","Winifred Phillips","gaming","1","classical",FALSE
"Into the Starfield (Main Theme)","Inon Zur","gaming","1","classical",FALSE
"listen before i go","Billie Eilish","ambient","1","classical",FALSE
"Millenia","Dominum Nominum","wellness","1","classical",FALSE
"Hazy","Sihu","lofi","1","classical",FALSE
"Quiescent State","Yoo Woon","wellness","1","classical",FALSE
"The Fallen Brother","Gerard Marino","gaming","1","classical",FALSE
"Fields of Dusk - Orchestral Version","TATRAN","gaming","1","classical",FALSE
"Restfulness","Zion Llama","wellness","1","classical",FALSE
"Beyond Sleep","Heal Divisions","wellness","1","classical",FALSE
"Overture to the Unwritten (from ""Hogwarts Legacy"")","chuck e. myers 'sea', J Scott Rakozy, Peter Murray, Hogwarts Legacy","gaming","1","classical",FALSE
"Fontaine","HOYO-MiX","gaming","1","classical",FALSE
"First Things First","Red Cedar","lofi","1","classical",FALSE
"Imaginations","Elijah Edwards","wellness","1","classical",FALSE
"Pembebasan","Waneesa","wellness","1","classical",FALSE
"Napwave Nirvana","Dozy Duzzn","lofi","1","classical",FALSE
"cocoon","sellar","lofi","1","classical",FALSE
"The Streets of Whiterun","Jeremy Soule","gaming","1","classical",FALSE
"The Way of the Ghost","Ilan Eshkeri","gaming","1","classical",FALSE
"Come Wander","Wicker Whales","wellness","1","classical",FALSE
"Nom Mind","Aurora Dreamer","wellness","1","classical",FALSE
"Nightbreak","Ookean","wellness","1","classical",FALSE
"a little sun nap","Kainbeats","lofi","1","classical",FALSE
"trail running","le gronk","lofi","1","classical",FALSE
"Luminescent","Luna Novina","wellness","1","classical",FALSE
"Solituda","Deep Vibrations","wellness","1","classical",FALSE
"The Source","SKEN","wellness","1","classical",FALSE
"Ephemara","Admira Mara","wellness","1","classical",FALSE
"Hora Somni","Lavinium","wellness","1","classical",FALSE
"Earthly","Dhanura","wellness","1","classical",FALSE
"Villa Onieva","Two Nighthawks","wellness","1","classical",FALSE
"O Magnum Mysterium: O magnum mysterium","Morten Lauridsen, Chamber Choir Of Europe, Nicol Matt","classical","1","classical",TRUE
"Whitacre: The Seal Lullaby","Eric Whitacre, Eric Whitacre Singers","classical","1","classical",TRUE
"The Road Home","Stephen Paulus, Conspirare, Craig Hella Johnson","classical","1","classical",TRUE
"Nimrod (Lux Aeterna)","Edward Elgar, VOCES8","classical","1","classical",TRUE
"Requiem in D Minor, K .626: III. Sequentia: 6. Lacrimosa - Amen, appendix","Wolfgang Amadeus Mozart, Franz Xaver Süssmayr, Ensemble Pygmalion, Raphael Pichon","classical","1","classical",TRUE
"Media Vita","Kerensa Briggs, Anna Lapwood, The Chapel Choir of Pembroke College, Cambridge","classical","1","classical",TRUE
"Versa est in luctum","Alonso Lobo, Tenebrae, Nigel Short","classical","1","classical",TRUE
"La Kanteletar: I. Herkä neito","Veljo Tormis, Mikrokosmos, Loïc Pierre","classical","1","classical",TRUE
"Upon Your Heart","Eleanor Daley, The Chapel Choir of Pembroke College, Cambridge, The Pembroke College Girls’ Choir, Anna Lapwood","classical","1","classical",TRUE
"The Day Is Done (2006)","Stephen Paulus, Stephen Layton, The Choir Of Trinity College, Cambridge","classical","1","classical",TRUE
"Fljótavík (Arr. Lawson for Ensemble)","Jónsi, Georg Holm, Kjartan Sveinsson, Orri Pall Dyrason, VOCES8, Thomas Gould, Emma Denton, Sam Becker","classical","1","classical",TRUE
